Repository,Component Type,Ecosystem,Name,Version,Dependency Scope,Relationship,License,PURL or Reference,Metadata Source,Notes
workspace,application,first-party,base-frontend,0.9.0,runtime,root component,LGPL-3.0-or-later,pkg:npm/base-frontend@0.9.0,workspace/package.json,First-party repository component.
workspace,container,OCI container,nginxinc/nginx-unprivileged,alpine (not digest pinned),runtime,referenced runtime software,BSD-2-Clause (NGINX); container includes additional licenses,oci:nginxinc/nginx-unprivileged:alpine,workspace/Dockerfile,Production image serving the generated static site; packages inside the image are not expanded.
workspace,container,OCI container,node,22-alpine (not digest pinned),build,referenced build software,MIT (Node.js); container includes additional licenses,oci:node:22-alpine,workspace/Dockerfile,Builder base image; packages inside the image are not expanded.
workspace,application,npm CLI,pnpm,11.1.3,build,referenced build software,MIT,pkg:npm/pnpm@11.1.3,workspace/package.json and Dockerfile,Package manager pinned by packageManager and enabled through Corepack for the container build.
workspace,library,npm,@babel/code-frame,7.29.0,build,transitive build dependency,MIT,pkg:npm/%40babel/code-frame@7.29.0,workspace/pnpm-lock.yaml and installed package metadata,Generated from pnpm's resolved dependency graph and local package metadata.
workspace,library,npm,@babel/compat-data,7.29.0,build,transitive build dependency,MIT,pkg:npm/%40babel/compat-data@7.29.0,workspace/pnpm-lock.yaml and installed package metadata,Generated from pnpm's resolved dependency graph and local package metadata.
workspace,library,npm,@babel/core,7.29.0,build,transitive build dependency,MIT,pkg:npm/%40babel/core@7.29.0,workspace/pnpm-lock.yaml and installed package metadata,Generated from pnpm's resolved dependency graph and local package metadata.
workspace,library,npm,@babel/generator,7.29.1,build,transitive build dependency,MIT,pkg:npm/%40babel/generator@7.29.1,workspace/pnpm-lock.yaml and installed package metadata,Generated from pnpm's resolved dependency graph and local package metadata.
workspace,library,npm,@babel/helper-compilation-targets,7.28.6,build,transitive build dependency,MIT,pkg:npm/%40babel/helper-compilation-targets@7.28.6,workspace/pnpm-lock.yaml and installed package metadata,Generated from pnpm's resolved dependency graph and local package metadata.
workspace,library,npm,@babel/helper-globals,7.28.0,build,transitive build dependency,MIT,pkg:npm/%40babel/helper-globals@7.28.0,workspace/pnpm-lock.yaml and installed package metadata,Generated from pnpm's resolved dependency graph and local package metadata.
workspace,library,npm,@babel/helper-module-imports,7.28.6,runtime,transitive runtime dependency,MIT,pkg:npm/%40babel/helper-module-imports@7.28.6,workspace/pnpm-lock.yaml and installed package metadata,Generated from pnpm's resolved dependency graph and local package metadata.
workspace,library,npm,@babel/helper-module-transforms,7.28.6,build,transitive build dependency,MIT,pkg:npm/%40babel/helper-module-transforms@7.28.6,workspace/pnpm-lock.yaml and installed package metadata,Generated from pnpm's resolved dependency graph and local package metadata.
workspace,library,npm,@babel/helper-plugin-utils,7.28.6,build,transitive build dependency,MIT,pkg:npm/%40babel/helper-plugin-utils@7.28.6,workspace/pnpm-lock.yaml and installed package metadata,Generated from pnpm's resolved dependency graph and local package metadata.
workspace,library,npm,@babel/helper-string-parser,7.27.1,build,transitive build dependency,MIT,pkg:npm/%40babel/helper-string-parser@7.27.1,workspace/pnpm-lock.yaml and installed package metadata,Generated from pnpm's resolved dependency graph and local package metadata.
workspace,library,npm,@babel/helper-validator-identifier,7.28.5,build,transitive build dependency,MIT,pkg:npm/%40babel/helper-validator-identifier@7.28.5,workspace/pnpm-lock.yaml and installed package metadata,Generated from pnpm's resolved dependency graph and local package metadata.
workspace,library,npm,@babel/helper-validator-option,7.27.1,build,transitive build dependency,MIT,pkg:npm/%40babel/helper-validator-option@7.27.1,workspace/pnpm-lock.yaml and installed package metadata,Generated from pnpm's resolved dependency graph and local package metadata.
workspace,library,npm,@babel/helpers,7.28.6,build,transitive build dependency,MIT,pkg:npm/%40babel/helpers@7.28.6,workspace/pnpm-lock.yaml and installed package metadata,Generated from pnpm's resolved dependency graph and local package metadata.
workspace,library,npm,@babel/plugin-syntax-jsx,7.28.6,build,transitive build dependency,MIT,pkg:npm/%40babel/plugin-syntax-jsx@7.28.6,workspace/pnpm-lock.yaml and installed package metadata,Generated from pnpm's resolved dependency graph and local package metadata.
workspace,library,npm,@babel/plugin-syntax-typescript,7.28.6,build,transitive build dependency,MIT,pkg:npm/%40babel/plugin-syntax-typescript@7.28.6,workspace/pnpm-lock.yaml and installed package metadata,Generated from pnpm's resolved dependency graph and local package metadata.
workspace,library,npm,@babel/plugin-transform-react-jsx-self,7.27.1,build,transitive build dependency,MIT,pkg:npm/%40babel/plugin-transform-react-jsx-self@7.27.1,workspace/pnpm-lock.yaml and installed package metadata,Generated from pnpm's resolved dependency graph and local package metadata.
workspace,library,npm,@babel/plugin-transform-react-jsx-source,7.27.1,build,transitive build dependency,MIT,pkg:npm/%40babel/plugin-transform-react-jsx-source@7.27.1,workspace/pnpm-lock.yaml and installed package metadata,Generated from pnpm's resolved dependency graph and local package metadata.
workspace,library,npm,@babel/runtime,7.28.6,runtime,transitive runtime dependency,MIT,pkg:npm/%40babel/runtime@7.28.6,workspace/pnpm-lock.yaml and installed package metadata,Generated from pnpm's resolved dependency graph and local package metadata.
workspace,library,npm,@babel/template,7.28.6,build,transitive build dependency,MIT,pkg:npm/%40babel/template@7.28.6,workspace/pnpm-lock.yaml and installed package metadata,Generated from pnpm's resolved dependency graph and local package metadata.
workspace,library,npm,@babel/traverse,7.29.0,build,transitive build dependency,MIT,pkg:npm/%40babel/traverse@7.29.0,workspace/pnpm-lock.yaml and installed package metadata,Generated from pnpm's resolved dependency graph and local package metadata.
workspace,library,npm,@babel/types,7.29.0,build,transitive build dependency,MIT,pkg:npm/%40babel/types@7.29.0,workspace/pnpm-lock.yaml and installed package metadata,Generated from pnpm's resolved dependency graph and local package metadata.
workspace,library,npm,@cesium/engine,25.0.0,runtime,transitive runtime dependency,Apache-2.0,pkg:npm/%40cesium/engine@25.0.0,workspace/pnpm-lock.yaml and installed package metadata,Generated from pnpm's resolved dependency graph and local package metadata.
workspace,library,npm,@cesium/wasm-splats,0.1.0-alpha.2,runtime,transitive runtime dependency,Apache-2.0,pkg:npm/%40cesium/wasm-splats@0.1.0-alpha.2,workspace/pnpm-lock.yaml and installed package metadata,Generated from pnpm's resolved dependency graph and local package metadata.
workspace,library,npm,@cesium/widgets,15.0.0,runtime,transitive runtime dependency,Apache-2.0,pkg:npm/%40cesium/widgets@15.0.0,workspace/pnpm-lock.yaml and installed package metadata,Generated from pnpm's resolved dependency graph and local package metadata.
workspace,library,npm,@codemirror/autocomplete,6.20.1,runtime,transitive runtime dependency,MIT,pkg:npm/%40codemirror/autocomplete@6.20.1,workspace/pnpm-lock.yaml and installed package metadata,Generated from pnpm's resolved dependency graph and local package metadata.
workspace,library,npm,@codemirror/commands,6.10.3,runtime,transitive runtime dependency,MIT,pkg:npm/%40codemirror/commands@6.10.3,workspace/pnpm-lock.yaml and installed package metadata,Generated from pnpm's resolved dependency graph and local package metadata.
workspace,library,npm,@codemirror/lang-angular,0.1.4,runtime,transitive runtime dependency,MIT,pkg:npm/%40codemirror/lang-angular@0.1.4,workspace/pnpm-lock.yaml and installed package metadata,Generated from pnpm's resolved dependency graph and local package metadata.
workspace,library,npm,@codemirror/lang-cpp,6.0.3,runtime,transitive runtime dependency,MIT,pkg:npm/%40codemirror/lang-cpp@6.0.3,workspace/pnpm-lock.yaml and installed package metadata,Generated from pnpm's resolved dependency graph and local package metadata.
workspace,library,npm,@codemirror/lang-css,6.3.1,runtime,transitive runtime dependency,MIT,pkg:npm/%40codemirror/lang-css@6.3.1,workspace/pnpm-lock.yaml and installed package metadata,Generated from pnpm's resolved dependency graph and local package metadata.
workspace,library,npm,@codemirror/lang-go,6.0.1,runtime,transitive runtime dependency,MIT,pkg:npm/%40codemirror/lang-go@6.0.1,workspace/pnpm-lock.yaml and installed package metadata,Generated from pnpm's resolved dependency graph and local package metadata.
workspace,library,npm,@codemirror/lang-html,6.4.11,runtime,transitive runtime dependency,MIT,pkg:npm/%40codemirror/lang-html@6.4.11,workspace/pnpm-lock.yaml and installed package metadata,Generated from pnpm's resolved dependency graph and local package metadata.
workspace,library,npm,@codemirror/lang-java,6.0.2,runtime,transitive runtime dependency,MIT,pkg:npm/%40codemirror/lang-java@6.0.2,workspace/pnpm-lock.yaml and installed package metadata,Generated from pnpm's resolved dependency graph and local package metadata.
workspace,library,npm,@codemirror/lang-javascript,6.2.5,runtime,transitive runtime dependency,MIT,pkg:npm/%40codemirror/lang-javascript@6.2.5,workspace/pnpm-lock.yaml and installed package metadata,Generated from pnpm's resolved dependency graph and local package metadata.
workspace,library,npm,@codemirror/lang-jinja,6.0.1,runtime,transitive runtime dependency,MIT,pkg:npm/%40codemirror/lang-jinja@6.0.1,workspace/pnpm-lock.yaml and installed package metadata,Generated from pnpm's resolved dependency graph and local package metadata.
workspace,library,npm,@codemirror/lang-json,6.0.2,runtime,transitive runtime dependency,MIT,pkg:npm/%40codemirror/lang-json@6.0.2,workspace/pnpm-lock.yaml and installed package metadata,Generated from pnpm's resolved dependency graph and local package metadata.
workspace,library,npm,@codemirror/lang-less,6.0.2,runtime,transitive runtime dependency,MIT,pkg:npm/%40codemirror/lang-less@6.0.2,workspace/pnpm-lock.yaml and installed package metadata,Generated from pnpm's resolved dependency graph and local package metadata.
workspace,library,npm,@codemirror/lang-liquid,6.3.2,runtime,transitive runtime dependency,MIT,pkg:npm/%40codemirror/lang-liquid@6.3.2,workspace/pnpm-lock.yaml and installed package metadata,Generated from pnpm's resolved dependency graph and local package metadata.
workspace,library,npm,@codemirror/lang-markdown,6.5.0,runtime,transitive runtime dependency,MIT,pkg:npm/%40codemirror/lang-markdown@6.5.0,workspace/pnpm-lock.yaml and installed package metadata,Generated from pnpm's resolved dependency graph and local package metadata.
workspace,library,npm,@codemirror/lang-php,6.0.2,runtime,transitive runtime dependency,MIT,pkg:npm/%40codemirror/lang-php@6.0.2,workspace/pnpm-lock.yaml and installed package metadata,Generated from pnpm's resolved dependency graph and local package metadata.
workspace,library,npm,@codemirror/lang-python,6.2.1,runtime,transitive runtime dependency,MIT,pkg:npm/%40codemirror/lang-python@6.2.1,workspace/pnpm-lock.yaml and installed package metadata,Generated from pnpm's resolved dependency graph and local package metadata.
workspace,library,npm,@codemirror/lang-rust,6.0.2,runtime,transitive runtime dependency,MIT,pkg:npm/%40codemirror/lang-rust@6.0.2,workspace/pnpm-lock.yaml and installed package metadata,Generated from pnpm's resolved dependency graph and local package metadata.
workspace,library,npm,@codemirror/lang-sass,6.0.2,runtime,transitive runtime dependency,MIT,pkg:npm/%40codemirror/lang-sass@6.0.2,workspace/pnpm-lock.yaml and installed package metadata,Generated from pnpm's resolved dependency graph and local package metadata.
workspace,library,npm,@codemirror/lang-sql,6.10.0,runtime,transitive runtime dependency,MIT,pkg:npm/%40codemirror/lang-sql@6.10.0,workspace/pnpm-lock.yaml and installed package metadata,Generated from pnpm's resolved dependency graph and local package metadata.
workspace,library,npm,@codemirror/lang-vue,0.1.3,runtime,transitive runtime dependency,MIT,pkg:npm/%40codemirror/lang-vue@0.1.3,workspace/pnpm-lock.yaml and installed package metadata,Generated from pnpm's resolved dependency graph and local package metadata.
workspace,library,npm,@codemirror/lang-wast,6.0.2,runtime,transitive runtime dependency,MIT,pkg:npm/%40codemirror/lang-wast@6.0.2,workspace/pnpm-lock.yaml and installed package metadata,Generated from pnpm's resolved dependency graph and local package metadata.
workspace,library,npm,@codemirror/lang-xml,6.1.0,runtime,transitive runtime dependency,MIT,pkg:npm/%40codemirror/lang-xml@6.1.0,workspace/pnpm-lock.yaml and installed package metadata,Generated from pnpm's resolved dependency graph and local package metadata.
workspace,library,npm,@codemirror/lang-yaml,6.1.3,runtime,transitive runtime dependency,MIT,pkg:npm/%40codemirror/lang-yaml@6.1.3,workspace/pnpm-lock.yaml and installed package metadata,Generated from pnpm's resolved dependency graph and local package metadata.
workspace,library,npm,@codemirror/language,6.12.3,runtime,transitive runtime dependency,MIT,pkg:npm/%40codemirror/language@6.12.3,workspace/pnpm-lock.yaml and installed package metadata,Generated from pnpm's resolved dependency graph and local package metadata.
workspace,library,npm,@codemirror/language-data,6.5.2,runtime,transitive runtime dependency,MIT,pkg:npm/%40codemirror/language-data@6.5.2,workspace/pnpm-lock.yaml and installed package metadata,Generated from pnpm's resolved dependency graph and local package metadata.
workspace,library,npm,@codemirror/legacy-modes,6.5.2,runtime,transitive runtime dependency,MIT,pkg:npm/%40codemirror/legacy-modes@6.5.2,workspace/pnpm-lock.yaml and installed package metadata,Generated from pnpm's resolved dependency graph and local package metadata.
workspace,library,npm,@codemirror/lint,6.9.5,runtime,transitive runtime dependency,MIT,pkg:npm/%40codemirror/lint@6.9.5,workspace/pnpm-lock.yaml and installed package metadata,Generated from pnpm's resolved dependency graph and local package metadata.
workspace,library,npm,@codemirror/merge,6.12.1,runtime,transitive runtime dependency,MIT,pkg:npm/%40codemirror/merge@6.12.1,workspace/pnpm-lock.yaml and installed package metadata,Generated from pnpm's resolved dependency graph and local package metadata.
workspace,library,npm,@codemirror/search,6.7.0,runtime,transitive runtime dependency,MIT,pkg:npm/%40codemirror/search@6.7.0,workspace/pnpm-lock.yaml and installed package metadata,Generated from pnpm's resolved dependency graph and local package metadata.
workspace,library,npm,@codemirror/state,6.6.0,runtime,transitive runtime dependency,MIT,pkg:npm/%40codemirror/state@6.6.0,workspace/pnpm-lock.yaml and installed package metadata,Generated from pnpm's resolved dependency graph and local package metadata.
workspace,library,npm,@codemirror/view,6.41.1,runtime,transitive runtime dependency,MIT,pkg:npm/%40codemirror/view@6.41.1,workspace/pnpm-lock.yaml and installed package metadata,Generated from pnpm's resolved dependency graph and local package metadata.
workspace,library,npm,@codesandbox/nodebox,0.1.8,runtime,transitive runtime dependency,NOASSERTION,pkg:npm/%40codesandbox/nodebox@0.1.8,workspace/pnpm-lock.yaml and installed package metadata,Generated from pnpm's resolved dependency graph and local package metadata.
workspace,library,npm,@codesandbox/sandpack-client,2.19.8,runtime,transitive runtime dependency,Apache-2.0,pkg:npm/%40codesandbox/sandpack-client@2.19.8,workspace/pnpm-lock.yaml and installed package metadata,Generated from pnpm's resolved dependency graph and local package metadata.
workspace,library,npm,@codesandbox/sandpack-react,2.20.0,runtime,transitive runtime dependency,Apache-2.0,pkg:npm/%40codesandbox/sandpack-react@2.20.0,workspace/pnpm-lock.yaml and installed package metadata,Generated from pnpm's resolved dependency graph and local package metadata.
workspace,library,npm,@csi-foxbyte/regensburg_digitalerenergiezwilling_energycalculationcore,0.20.1,runtime,direct runtime dependency,LGPL-3.0-or-later,pkg:npm/%40csi-foxbyte/regensburg_digitalerenergiezwilling_energycalculationcore@0.20.1,workspace/pnpm-lock.yaml and installed package metadata,Generated from pnpm's resolved dependency graph and local package metadata.
workspace,library,npm,@emotion/babel-plugin,11.13.5,runtime,transitive runtime dependency,MIT,pkg:npm/%40emotion/babel-plugin@11.13.5,workspace/pnpm-lock.yaml and installed package metadata,Generated from pnpm's resolved dependency graph and local package metadata.
workspace,library,npm,@emotion/cache,11.14.0,runtime,transitive runtime dependency,MIT,pkg:npm/%40emotion/cache@11.14.0,workspace/pnpm-lock.yaml and installed package metadata,Generated from pnpm's resolved dependency graph and local package metadata.
workspace,library,npm,@emotion/hash,0.9.2,runtime,transitive runtime dependency,MIT,pkg:npm/%40emotion/hash@0.9.2,workspace/pnpm-lock.yaml and installed package metadata,Generated from pnpm's resolved dependency graph and local package metadata.
workspace,library,npm,@emotion/is-prop-valid,1.4.0,runtime,transitive runtime dependency,MIT,pkg:npm/%40emotion/is-prop-valid@1.4.0,workspace/pnpm-lock.yaml and installed package metadata,Generated from pnpm's resolved dependency graph and local package metadata.
workspace,library,npm,@emotion/memoize,0.9.0,runtime,transitive runtime dependency,MIT,pkg:npm/%40emotion/memoize@0.9.0,workspace/pnpm-lock.yaml and installed package metadata,Generated from pnpm's resolved dependency graph and local package metadata.
workspace,library,npm,@emotion/react,11.14.0,runtime,direct runtime dependency,MIT,pkg:npm/%40emotion/react@11.14.0,workspace/pnpm-lock.yaml and installed package metadata,Generated from pnpm's resolved dependency graph and local package metadata.
workspace,library,npm,@emotion/serialize,1.3.3,runtime,transitive runtime dependency,MIT,pkg:npm/%40emotion/serialize@1.3.3,workspace/pnpm-lock.yaml and installed package metadata,Generated from pnpm's resolved dependency graph and local package metadata.
workspace,library,npm,@emotion/sheet,1.4.0,runtime,transitive runtime dependency,MIT,pkg:npm/%40emotion/sheet@1.4.0,workspace/pnpm-lock.yaml and installed package metadata,Generated from pnpm's resolved dependency graph and local package metadata.
workspace,library,npm,@emotion/styled,11.14.1,runtime,direct runtime dependency,MIT,pkg:npm/%40emotion/styled@11.14.1,workspace/pnpm-lock.yaml and installed package metadata,Generated from pnpm's resolved dependency graph and local package metadata.
workspace,library,npm,@emotion/unitless,0.10.0,runtime,transitive runtime dependency,MIT,pkg:npm/%40emotion/unitless@0.10.0,workspace/pnpm-lock.yaml and installed package metadata,Generated from pnpm's resolved dependency graph and local package metadata.
workspace,library,npm,@emotion/use-insertion-effect-with-fallbacks,1.2.0,runtime,transitive runtime dependency,MIT,pkg:npm/%40emotion/use-insertion-effect-with-fallbacks@1.2.0,workspace/pnpm-lock.yaml and installed package metadata,Generated from pnpm's resolved dependency graph and local package metadata.
workspace,library,npm,@emotion/utils,1.4.2,runtime,transitive runtime dependency,MIT,pkg:npm/%40emotion/utils@1.4.2,workspace/pnpm-lock.yaml and installed package metadata,Generated from pnpm's resolved dependency graph and local package metadata.
workspace,library,npm,@emotion/weak-memoize,0.4.0,runtime,transitive runtime dependency,MIT,pkg:npm/%40emotion/weak-memoize@0.4.0,workspace/pnpm-lock.yaml and installed package metadata,Generated from pnpm's resolved dependency graph and local package metadata.
workspace,library,npm,@esbuild/aix-ppc64,0.27.3,build,transitive build dependency,NOASSERTION,pkg:npm/%40esbuild/aix-ppc64@0.27.3,workspace/pnpm-lock.yaml and installed package metadata,Generated from pnpm's resolved dependency graph and local package metadata.
workspace,library,npm,@esbuild/android-arm,0.27.3,build,transitive build dependency,NOASSERTION,pkg:npm/%40esbuild/android-arm@0.27.3,workspace/pnpm-lock.yaml and installed package metadata,Generated from pnpm's resolved dependency graph and local package metadata.
workspace,library,npm,@esbuild/android-arm64,0.27.3,build,transitive build dependency,NOASSERTION,pkg:npm/%40esbuild/android-arm64@0.27.3,workspace/pnpm-lock.yaml and installed package metadata,Generated from pnpm's resolved dependency graph and local package metadata.
workspace,library,npm,@esbuild/android-x64,0.27.3,build,transitive build dependency,NOASSERTION,pkg:npm/%40esbuild/android-x64@0.27.3,workspace/pnpm-lock.yaml and installed package metadata,Generated from pnpm's resolved dependency graph and local package metadata.
workspace,library,npm,@esbuild/darwin-arm64,0.27.3,build,transitive build dependency,NOASSERTION,pkg:npm/%40esbuild/darwin-arm64@0.27.3,workspace/pnpm-lock.yaml and installed package metadata,Generated from pnpm's resolved dependency graph and local package metadata.
workspace,library,npm,@esbuild/darwin-x64,0.27.3,build,transitive build dependency,NOASSERTION,pkg:npm/%40esbuild/darwin-x64@0.27.3,workspace/pnpm-lock.yaml and installed package metadata,Generated from pnpm's resolved dependency graph and local package metadata.
workspace,library,npm,@esbuild/freebsd-arm64,0.27.3,build,transitive build dependency,NOASSERTION,pkg:npm/%40esbuild/freebsd-arm64@0.27.3,workspace/pnpm-lock.yaml and installed package metadata,Generated from pnpm's resolved dependency graph and local package metadata.
workspace,library,npm,@esbuild/freebsd-x64,0.27.3,build,transitive build dependency,NOASSERTION,pkg:npm/%40esbuild/freebsd-x64@0.27.3,workspace/pnpm-lock.yaml and installed package metadata,Generated from pnpm's resolved dependency graph and local package metadata.
workspace,library,npm,@esbuild/linux-arm,0.27.3,build,transitive build dependency,NOASSERTION,pkg:npm/%40esbuild/linux-arm@0.27.3,workspace/pnpm-lock.yaml and installed package metadata,Generated from pnpm's resolved dependency graph and local package metadata.
workspace,library,npm,@esbuild/linux-arm64,0.27.3,build,transitive build dependency,NOASSERTION,pkg:npm/%40esbuild/linux-arm64@0.27.3,workspace/pnpm-lock.yaml and installed package metadata,Generated from pnpm's resolved dependency graph and local package metadata.
workspace,library,npm,@esbuild/linux-ia32,0.27.3,build,transitive build dependency,NOASSERTION,pkg:npm/%40esbuild/linux-ia32@0.27.3,workspace/pnpm-lock.yaml and installed package metadata,Generated from pnpm's resolved dependency graph and local package metadata.
workspace,library,npm,@esbuild/linux-loong64,0.27.3,build,transitive build dependency,NOASSERTION,pkg:npm/%40esbuild/linux-loong64@0.27.3,workspace/pnpm-lock.yaml and installed package metadata,Generated from pnpm's resolved dependency graph and local package metadata.
workspace,library,npm,@esbuild/linux-mips64el,0.27.3,build,transitive build dependency,NOASSERTION,pkg:npm/%40esbuild/linux-mips64el@0.27.3,workspace/pnpm-lock.yaml and installed package metadata,Generated from pnpm's resolved dependency graph and local package metadata.
workspace,library,npm,@esbuild/linux-ppc64,0.27.3,build,transitive build dependency,NOASSERTION,pkg:npm/%40esbuild/linux-ppc64@0.27.3,workspace/pnpm-lock.yaml and installed package metadata,Generated from pnpm's resolved dependency graph and local package metadata.
workspace,library,npm,@esbuild/linux-riscv64,0.27.3,build,transitive build dependency,NOASSERTION,pkg:npm/%40esbuild/linux-riscv64@0.27.3,workspace/pnpm-lock.yaml and installed package metadata,Generated from pnpm's resolved dependency graph and local package metadata.
workspace,library,npm,@esbuild/linux-s390x,0.27.3,build,transitive build dependency,NOASSERTION,pkg:npm/%40esbuild/linux-s390x@0.27.3,workspace/pnpm-lock.yaml and installed package metadata,Generated from pnpm's resolved dependency graph and local package metadata.
workspace,library,npm,@esbuild/linux-x64,0.27.3,build,transitive build dependency,MIT,pkg:npm/%40esbuild/linux-x64@0.27.3,workspace/pnpm-lock.yaml and installed package metadata,Generated from pnpm's resolved dependency graph and local package metadata.
workspace,library,npm,@esbuild/netbsd-arm64,0.27.3,build,transitive build dependency,NOASSERTION,pkg:npm/%40esbuild/netbsd-arm64@0.27.3,workspace/pnpm-lock.yaml and installed package metadata,Generated from pnpm's resolved dependency graph and local package metadata.
workspace,library,npm,@esbuild/netbsd-x64,0.27.3,build,transitive build dependency,NOASSERTION,pkg:npm/%40esbuild/netbsd-x64@0.27.3,workspace/pnpm-lock.yaml and installed package metadata,Generated from pnpm's resolved dependency graph and local package metadata.
workspace,library,npm,@esbuild/openbsd-arm64,0.27.3,build,transitive build dependency,NOASSERTION,pkg:npm/%40esbuild/openbsd-arm64@0.27.3,workspace/pnpm-lock.yaml and installed package metadata,Generated from pnpm's resolved dependency graph and local package metadata.
workspace,library,npm,@esbuild/openbsd-x64,0.27.3,build,transitive build dependency,NOASSERTION,pkg:npm/%40esbuild/openbsd-x64@0.27.3,workspace/pnpm-lock.yaml and installed package metadata,Generated from pnpm's resolved dependency graph and local package metadata.
workspace,library,npm,@esbuild/openharmony-arm64,0.27.3,build,transitive build dependency,NOASSERTION,pkg:npm/%40esbuild/openharmony-arm64@0.27.3,workspace/pnpm-lock.yaml and installed package metadata,Generated from pnpm's resolved dependency graph and local package metadata.
workspace,library,npm,@esbuild/sunos-x64,0.27.3,build,transitive build dependency,NOASSERTION,pkg:npm/%40esbuild/sunos-x64@0.27.3,workspace/pnpm-lock.yaml and installed package metadata,Generated from pnpm's resolved dependency graph and local package metadata.
workspace,library,npm,@esbuild/win32-arm64,0.27.3,build,transitive build dependency,NOASSERTION,pkg:npm/%40esbuild/win32-arm64@0.27.3,workspace/pnpm-lock.yaml and installed package metadata,Generated from pnpm's resolved dependency graph and local package metadata.
workspace,library,npm,@esbuild/win32-ia32,0.27.3,build,transitive build dependency,NOASSERTION,pkg:npm/%40esbuild/win32-ia32@0.27.3,workspace/pnpm-lock.yaml and installed package metadata,Generated from pnpm's resolved dependency graph and local package metadata.
workspace,library,npm,@esbuild/win32-x64,0.27.3,build,transitive build dependency,NOASSERTION,pkg:npm/%40esbuild/win32-x64@0.27.3,workspace/pnpm-lock.yaml and installed package metadata,Generated from pnpm's resolved dependency graph and local package metadata.
workspace,library,npm,@floating-ui/core,1.7.5,runtime,transitive runtime dependency,MIT,pkg:npm/%40floating-ui/core@1.7.5,workspace/pnpm-lock.yaml and installed package metadata,Generated from pnpm's resolved dependency graph and local package metadata.
workspace,library,npm,@floating-ui/dom,1.7.6,runtime,transitive runtime dependency,MIT,pkg:npm/%40floating-ui/dom@1.7.6,workspace/pnpm-lock.yaml and installed package metadata,Generated from pnpm's resolved dependency graph and local package metadata.
workspace,library,npm,@floating-ui/react,0.27.19,runtime,transitive runtime dependency,MIT,pkg:npm/%40floating-ui/react@0.27.19,workspace/pnpm-lock.yaml and installed package metadata,Generated from pnpm's resolved dependency graph and local package metadata.
workspace,library,npm,@floating-ui/react-dom,2.1.8,runtime,transitive runtime dependency,MIT,pkg:npm/%40floating-ui/react-dom@2.1.8,workspace/pnpm-lock.yaml and installed package metadata,Generated from pnpm's resolved dependency graph and local package metadata.
workspace,library,npm,@floating-ui/utils,0.2.11,runtime,transitive runtime dependency,MIT,pkg:npm/%40floating-ui/utils@0.2.11,workspace/pnpm-lock.yaml and installed package metadata,Generated from pnpm's resolved dependency graph and local package metadata.
workspace,library,npm,@jridgewell/gen-mapping,0.3.13,build,transitive build dependency,MIT,pkg:npm/%40jridgewell/gen-mapping@0.3.13,workspace/pnpm-lock.yaml and installed package metadata,Generated from pnpm's resolved dependency graph and local package metadata.
workspace,library,npm,@jridgewell/remapping,2.3.5,build,transitive build dependency,MIT,pkg:npm/%40jridgewell/remapping@2.3.5,workspace/pnpm-lock.yaml and installed package metadata,Generated from pnpm's resolved dependency graph and local package metadata.
workspace,library,npm,@jridgewell/resolve-uri,3.1.2,build,transitive build dependency,MIT,pkg:npm/%40jridgewell/resolve-uri@3.1.2,workspace/pnpm-lock.yaml and installed package metadata,Generated from pnpm's resolved dependency graph and local package metadata.
workspace,library,npm,@jridgewell/sourcemap-codec,1.5.5,build,transitive build dependency,MIT,pkg:npm/%40jridgewell/sourcemap-codec@1.5.5,workspace/pnpm-lock.yaml and installed package metadata,Generated from pnpm's resolved dependency graph and local package metadata.
workspace,library,npm,@jridgewell/trace-mapping,0.3.31,build,transitive build dependency,MIT,pkg:npm/%40jridgewell/trace-mapping@0.3.31,workspace/pnpm-lock.yaml and installed package metadata,Generated from pnpm's resolved dependency graph and local package metadata.
workspace,library,npm,@lexical/clipboard,0.35.0,runtime,transitive runtime dependency,MIT,pkg:npm/%40lexical/clipboard@0.35.0,workspace/pnpm-lock.yaml and installed package metadata,Generated from pnpm's resolved dependency graph and local package metadata.
workspace,library,npm,@lexical/code,0.35.0,runtime,transitive runtime dependency,MIT,pkg:npm/%40lexical/code@0.35.0,workspace/pnpm-lock.yaml and installed package metadata,Generated from pnpm's resolved dependency graph and local package metadata.
workspace,library,npm,@lexical/devtools-core,0.35.0,runtime,transitive runtime dependency,MIT,pkg:npm/%40lexical/devtools-core@0.35.0,workspace/pnpm-lock.yaml and installed package metadata,Generated from pnpm's resolved dependency graph and local package metadata.
workspace,library,npm,@lexical/dragon,0.35.0,runtime,transitive runtime dependency,MIT,pkg:npm/%40lexical/dragon@0.35.0,workspace/pnpm-lock.yaml and installed package metadata,Generated from pnpm's resolved dependency graph and local package metadata.
workspace,library,npm,@lexical/hashtag,0.35.0,runtime,transitive runtime dependency,MIT,pkg:npm/%40lexical/hashtag@0.35.0,workspace/pnpm-lock.yaml and installed package metadata,Generated from pnpm's resolved dependency graph and local package metadata.
workspace,library,npm,@lexical/history,0.35.0,runtime,transitive runtime dependency,MIT,pkg:npm/%40lexical/history@0.35.0,workspace/pnpm-lock.yaml and installed package metadata,Generated from pnpm's resolved dependency graph and local package metadata.
workspace,library,npm,@lexical/html,0.35.0,runtime,transitive runtime dependency,MIT,pkg:npm/%40lexical/html@0.35.0,workspace/pnpm-lock.yaml and installed package metadata,Generated from pnpm's resolved dependency graph and local package metadata.
workspace,library,npm,@lexical/link,0.35.0,runtime,transitive runtime dependency,MIT,pkg:npm/%40lexical/link@0.35.0,workspace/pnpm-lock.yaml and installed package metadata,Generated from pnpm's resolved dependency graph and local package metadata.
workspace,library,npm,@lexical/list,0.35.0,runtime,transitive runtime dependency,MIT,pkg:npm/%40lexical/list@0.35.0,workspace/pnpm-lock.yaml and installed package metadata,Generated from pnpm's resolved dependency graph and local package metadata.
workspace,library,npm,@lexical/mark,0.35.0,runtime,transitive runtime dependency,MIT,pkg:npm/%40lexical/mark@0.35.0,workspace/pnpm-lock.yaml and installed package metadata,Generated from pnpm's resolved dependency graph and local package metadata.
workspace,library,npm,@lexical/markdown,0.35.0,runtime,transitive runtime dependency,MIT,pkg:npm/%40lexical/markdown@0.35.0,workspace/pnpm-lock.yaml and installed package metadata,Generated from pnpm's resolved dependency graph and local package metadata.
workspace,library,npm,@lexical/offset,0.35.0,runtime,transitive runtime dependency,MIT,pkg:npm/%40lexical/offset@0.35.0,workspace/pnpm-lock.yaml and installed package metadata,Generated from pnpm's resolved dependency graph and local package metadata.
workspace,library,npm,@lexical/overflow,0.35.0,runtime,transitive runtime dependency,MIT,pkg:npm/%40lexical/overflow@0.35.0,workspace/pnpm-lock.yaml and installed package metadata,Generated from pnpm's resolved dependency graph and local package metadata.
workspace,library,npm,@lexical/plain-text,0.35.0,runtime,transitive runtime dependency,MIT,pkg:npm/%40lexical/plain-text@0.35.0,workspace/pnpm-lock.yaml and installed package metadata,Generated from pnpm's resolved dependency graph and local package metadata.
workspace,library,npm,@lexical/react,0.35.0,runtime,transitive runtime dependency,MIT,pkg:npm/%40lexical/react@0.35.0,workspace/pnpm-lock.yaml and installed package metadata,Generated from pnpm's resolved dependency graph and local package metadata.
workspace,library,npm,@lexical/rich-text,0.35.0,runtime,transitive runtime dependency,MIT,pkg:npm/%40lexical/rich-text@0.35.0,workspace/pnpm-lock.yaml and installed package metadata,Generated from pnpm's resolved dependency graph and local package metadata.
workspace,library,npm,@lexical/selection,0.35.0,runtime,transitive runtime dependency,MIT,pkg:npm/%40lexical/selection@0.35.0,workspace/pnpm-lock.yaml and installed package metadata,Generated from pnpm's resolved dependency graph and local package metadata.
workspace,library,npm,@lexical/table,0.35.0,runtime,transitive runtime dependency,MIT,pkg:npm/%40lexical/table@0.35.0,workspace/pnpm-lock.yaml and installed package metadata,Generated from pnpm's resolved dependency graph and local package metadata.
workspace,library,npm,@lexical/text,0.35.0,runtime,transitive runtime dependency,MIT,pkg:npm/%40lexical/text@0.35.0,workspace/pnpm-lock.yaml and installed package metadata,Generated from pnpm's resolved dependency graph and local package metadata.
workspace,library,npm,@lexical/utils,0.35.0,runtime,transitive runtime dependency,MIT,pkg:npm/%40lexical/utils@0.35.0,workspace/pnpm-lock.yaml and installed package metadata,Generated from pnpm's resolved dependency graph and local package metadata.
workspace,library,npm,@lexical/yjs,0.35.0,runtime,transitive runtime dependency,MIT,pkg:npm/%40lexical/yjs@0.35.0,workspace/pnpm-lock.yaml and installed package metadata,Generated from pnpm's resolved dependency graph and local package metadata.
workspace,library,npm,@lezer/common,1.5.2,runtime,transitive runtime dependency,MIT,pkg:npm/%40lezer/common@1.5.2,workspace/pnpm-lock.yaml and installed package metadata,Generated from pnpm's resolved dependency graph and local package metadata.
workspace,library,npm,@lezer/cpp,1.1.5,runtime,transitive runtime dependency,MIT,pkg:npm/%40lezer/cpp@1.1.5,workspace/pnpm-lock.yaml and installed package metadata,Generated from pnpm's resolved dependency graph and local package metadata.
workspace,library,npm,@lezer/css,1.3.3,runtime,transitive runtime dependency,MIT,pkg:npm/%40lezer/css@1.3.3,workspace/pnpm-lock.yaml and installed package metadata,Generated from pnpm's resolved dependency graph and local package metadata.
workspace,library,npm,@lezer/go,1.0.1,runtime,transitive runtime dependency,MIT,pkg:npm/%40lezer/go@1.0.1,workspace/pnpm-lock.yaml and installed package metadata,Generated from pnpm's resolved dependency graph and local package metadata.
workspace,library,npm,@lezer/highlight,1.2.3,runtime,transitive runtime dependency,MIT,pkg:npm/%40lezer/highlight@1.2.3,workspace/pnpm-lock.yaml and installed package metadata,Generated from pnpm's resolved dependency graph and local package metadata.
workspace,library,npm,@lezer/html,1.3.13,runtime,transitive runtime dependency,MIT,pkg:npm/%40lezer/html@1.3.13,workspace/pnpm-lock.yaml and installed package metadata,Generated from pnpm's resolved dependency graph and local package metadata.
workspace,library,npm,@lezer/java,1.1.3,runtime,transitive runtime dependency,MIT,pkg:npm/%40lezer/java@1.1.3,workspace/pnpm-lock.yaml and installed package metadata,Generated from pnpm's resolved dependency graph and local package metadata.
workspace,library,npm,@lezer/javascript,1.5.4,runtime,transitive runtime dependency,MIT,pkg:npm/%40lezer/javascript@1.5.4,workspace/pnpm-lock.yaml and installed package metadata,Generated from pnpm's resolved dependency graph and local package metadata.
workspace,library,npm,@lezer/json,1.0.3,runtime,transitive runtime dependency,MIT,pkg:npm/%40lezer/json@1.0.3,workspace/pnpm-lock.yaml and installed package metadata,Generated from pnpm's resolved dependency graph and local package metadata.
workspace,library,npm,@lezer/lr,1.4.10,runtime,transitive runtime dependency,MIT,pkg:npm/%40lezer/lr@1.4.10,workspace/pnpm-lock.yaml and installed package metadata,Generated from pnpm's resolved dependency graph and local package metadata.
workspace,library,npm,@lezer/markdown,1.6.3,runtime,transitive runtime dependency,MIT,pkg:npm/%40lezer/markdown@1.6.3,workspace/pnpm-lock.yaml and installed package metadata,Generated from pnpm's resolved dependency graph and local package metadata.
workspace,library,npm,@lezer/php,1.0.5,runtime,transitive runtime dependency,MIT,pkg:npm/%40lezer/php@1.0.5,workspace/pnpm-lock.yaml and installed package metadata,Generated from pnpm's resolved dependency graph and local package metadata.
workspace,library,npm,@lezer/python,1.1.18,runtime,transitive runtime dependency,MIT,pkg:npm/%40lezer/python@1.1.18,workspace/pnpm-lock.yaml and installed package metadata,Generated from pnpm's resolved dependency graph and local package metadata.
workspace,library,npm,@lezer/rust,1.0.2,runtime,transitive runtime dependency,MIT,pkg:npm/%40lezer/rust@1.0.2,workspace/pnpm-lock.yaml and installed package metadata,Generated from pnpm's resolved dependency graph and local package metadata.
workspace,library,npm,@lezer/sass,1.1.0,runtime,transitive runtime dependency,MIT,pkg:npm/%40lezer/sass@1.1.0,workspace/pnpm-lock.yaml and installed package metadata,Generated from pnpm's resolved dependency graph and local package metadata.
workspace,library,npm,@lezer/xml,1.0.6,runtime,transitive runtime dependency,MIT,pkg:npm/%40lezer/xml@1.0.6,workspace/pnpm-lock.yaml and installed package metadata,Generated from pnpm's resolved dependency graph and local package metadata.
workspace,library,npm,@lezer/yaml,1.0.4,runtime,transitive runtime dependency,MIT,pkg:npm/%40lezer/yaml@1.0.4,workspace/pnpm-lock.yaml and installed package metadata,Generated from pnpm's resolved dependency graph and local package metadata.
workspace,library,npm,@marijn/find-cluster-break,1.0.2,runtime,transitive runtime dependency,MIT,pkg:npm/%40marijn/find-cluster-break@1.0.2,workspace/pnpm-lock.yaml and installed package metadata,Generated from pnpm's resolved dependency graph and local package metadata.
workspace,library,npm,@mdxeditor/editor,3.55.0,runtime,direct runtime dependency,MIT,pkg:npm/%40mdxeditor/editor@3.55.0,workspace/pnpm-lock.yaml and installed package metadata,Generated from pnpm's resolved dependency graph and local package metadata.
workspace,library,npm,@mdxeditor/gurx,1.2.4,runtime,transitive runtime dependency,MIT,pkg:npm/%40mdxeditor/gurx@1.2.4,workspace/pnpm-lock.yaml and installed package metadata,Generated from pnpm's resolved dependency graph and local package metadata.
workspace,library,npm,@mui/core-downloads-tracker,7.3.8,runtime,transitive runtime dependency,MIT,pkg:npm/%40mui/core-downloads-tracker@7.3.8,workspace/pnpm-lock.yaml and installed package metadata,Generated from pnpm's resolved dependency graph and local package metadata.
workspace,library,npm,@mui/icons-material,7.3.8,runtime,direct runtime dependency,MIT,pkg:npm/%40mui/icons-material@7.3.8,workspace/pnpm-lock.yaml and installed package metadata,Generated from pnpm's resolved dependency graph and local package metadata.
workspace,library,npm,@mui/material,7.3.8,runtime,direct runtime dependency,MIT,pkg:npm/%40mui/material@7.3.8,workspace/pnpm-lock.yaml and installed package metadata,Generated from pnpm's resolved dependency graph and local package metadata.
workspace,library,npm,@mui/private-theming,7.3.8,runtime,transitive runtime dependency,MIT,pkg:npm/%40mui/private-theming@7.3.8,workspace/pnpm-lock.yaml and installed package metadata,Generated from pnpm's resolved dependency graph and local package metadata.
workspace,library,npm,@mui/styled-engine,7.3.8,runtime,transitive runtime dependency,MIT,pkg:npm/%40mui/styled-engine@7.3.8,workspace/pnpm-lock.yaml and installed package metadata,Generated from pnpm's resolved dependency graph and local package metadata.
workspace,library,npm,@mui/system,7.3.8,runtime,transitive runtime dependency,MIT,pkg:npm/%40mui/system@7.3.8,workspace/pnpm-lock.yaml and installed package metadata,Generated from pnpm's resolved dependency graph and local package metadata.
workspace,library,npm,@mui/types,7.4.11,runtime,transitive runtime dependency,MIT,pkg:npm/%40mui/types@7.4.11,workspace/pnpm-lock.yaml and installed package metadata,Generated from pnpm's resolved dependency graph and local package metadata.
workspace,library,npm,@mui/utils,7.3.8,runtime,transitive runtime dependency,MIT,pkg:npm/%40mui/utils@7.3.8,workspace/pnpm-lock.yaml and installed package metadata,Generated from pnpm's resolved dependency graph and local package metadata.
workspace,library,npm,@nanostores/react,1.1.0,runtime,direct runtime dependency,MIT,pkg:npm/%40nanostores/react@1.1.0,workspace/pnpm-lock.yaml and installed package metadata,Generated from pnpm's resolved dependency graph and local package metadata.
workspace,library,npm,@open-draft/deferred-promise,2.2.0,runtime,transitive runtime dependency,MIT,pkg:npm/%40open-draft/deferred-promise@2.2.0,workspace/pnpm-lock.yaml and installed package metadata,Generated from pnpm's resolved dependency graph and local package metadata.
workspace,library,npm,@popperjs/core,2.11.8,runtime,transitive runtime dependency,MIT,pkg:npm/%40popperjs/core@2.11.8,workspace/pnpm-lock.yaml and installed package metadata,Generated from pnpm's resolved dependency graph and local package metadata.
workspace,library,npm,@radix-ui/colors,3.0.0,runtime,transitive runtime dependency,MIT,pkg:npm/%40radix-ui/colors@3.0.0,workspace/pnpm-lock.yaml and installed package metadata,Generated from pnpm's resolved dependency graph and local package metadata.
workspace,library,npm,@radix-ui/number,1.1.1,runtime,transitive runtime dependency,MIT,pkg:npm/%40radix-ui/number@1.1.1,workspace/pnpm-lock.yaml and installed package metadata,Generated from pnpm's resolved dependency graph and local package metadata.
workspace,library,npm,@radix-ui/primitive,1.1.3,runtime,transitive runtime dependency,MIT,pkg:npm/%40radix-ui/primitive@1.1.3,workspace/pnpm-lock.yaml and installed package metadata,Generated from pnpm's resolved dependency graph and local package metadata.
workspace,library,npm,@radix-ui/react-arrow,1.1.7,runtime,transitive runtime dependency,MIT,pkg:npm/%40radix-ui/react-arrow@1.1.7,workspace/pnpm-lock.yaml and installed package metadata,Generated from pnpm's resolved dependency graph and local package metadata.
workspace,library,npm,@radix-ui/react-collection,1.1.7,runtime,transitive runtime dependency,MIT,pkg:npm/%40radix-ui/react-collection@1.1.7,workspace/pnpm-lock.yaml and installed package metadata,Generated from pnpm's resolved dependency graph and local package metadata.
workspace,library,npm,@radix-ui/react-compose-refs,1.1.2,runtime,transitive runtime dependency,MIT,pkg:npm/%40radix-ui/react-compose-refs@1.1.2,workspace/pnpm-lock.yaml and installed package metadata,Generated from pnpm's resolved dependency graph and local package metadata.
workspace,library,npm,@radix-ui/react-context,1.1.2,runtime,transitive runtime dependency,MIT,pkg:npm/%40radix-ui/react-context@1.1.2,workspace/pnpm-lock.yaml and installed package metadata,Generated from pnpm's resolved dependency graph and local package metadata.
workspace,library,npm,@radix-ui/react-dialog,1.1.15,runtime,transitive runtime dependency,MIT,pkg:npm/%40radix-ui/react-dialog@1.1.15,workspace/pnpm-lock.yaml and installed package metadata,Generated from pnpm's resolved dependency graph and local package metadata.
workspace,library,npm,@radix-ui/react-direction,1.1.1,runtime,transitive runtime dependency,MIT,pkg:npm/%40radix-ui/react-direction@1.1.1,workspace/pnpm-lock.yaml and installed package metadata,Generated from pnpm's resolved dependency graph and local package metadata.
workspace,library,npm,@radix-ui/react-dismissable-layer,1.1.11,runtime,transitive runtime dependency,MIT,pkg:npm/%40radix-ui/react-dismissable-layer@1.1.11,workspace/pnpm-lock.yaml and installed package metadata,Generated from pnpm's resolved dependency graph and local package metadata.
workspace,library,npm,@radix-ui/react-focus-guards,1.1.3,runtime,transitive runtime dependency,MIT,pkg:npm/%40radix-ui/react-focus-guards@1.1.3,workspace/pnpm-lock.yaml and installed package metadata,Generated from pnpm's resolved dependency graph and local package metadata.
workspace,library,npm,@radix-ui/react-focus-scope,1.1.7,runtime,transitive runtime dependency,MIT,pkg:npm/%40radix-ui/react-focus-scope@1.1.7,workspace/pnpm-lock.yaml and installed package metadata,Generated from pnpm's resolved dependency graph and local package metadata.
workspace,library,npm,@radix-ui/react-icons,1.3.2,runtime,transitive runtime dependency,MIT,pkg:npm/%40radix-ui/react-icons@1.3.2,workspace/pnpm-lock.yaml and installed package metadata,Generated from pnpm's resolved dependency graph and local package metadata.
workspace,library,npm,@radix-ui/react-id,1.1.1,runtime,transitive runtime dependency,MIT,pkg:npm/%40radix-ui/react-id@1.1.1,workspace/pnpm-lock.yaml and installed package metadata,Generated from pnpm's resolved dependency graph and local package metadata.
workspace,library,npm,@radix-ui/react-popover,1.1.15,runtime,transitive runtime dependency,MIT,pkg:npm/%40radix-ui/react-popover@1.1.15,workspace/pnpm-lock.yaml and installed package metadata,Generated from pnpm's resolved dependency graph and local package metadata.
workspace,library,npm,@radix-ui/react-popper,1.2.8,runtime,transitive runtime dependency,MIT,pkg:npm/%40radix-ui/react-popper@1.2.8,workspace/pnpm-lock.yaml and installed package metadata,Generated from pnpm's resolved dependency graph and local package metadata.
workspace,library,npm,@radix-ui/react-portal,1.1.9,runtime,transitive runtime dependency,MIT,pkg:npm/%40radix-ui/react-portal@1.1.9,workspace/pnpm-lock.yaml and installed package metadata,Generated from pnpm's resolved dependency graph and local package metadata.
workspace,library,npm,@radix-ui/react-presence,1.1.5,runtime,transitive runtime dependency,MIT,pkg:npm/%40radix-ui/react-presence@1.1.5,workspace/pnpm-lock.yaml and installed package metadata,Generated from pnpm's resolved dependency graph and local package metadata.
workspace,library,npm,@radix-ui/react-primitive,2.1.3,runtime,transitive runtime dependency,MIT,pkg:npm/%40radix-ui/react-primitive@2.1.3,workspace/pnpm-lock.yaml and installed package metadata,Generated from pnpm's resolved dependency graph and local package metadata.
workspace,library,npm,@radix-ui/react-roving-focus,1.1.11,runtime,transitive runtime dependency,MIT,pkg:npm/%40radix-ui/react-roving-focus@1.1.11,workspace/pnpm-lock.yaml and installed package metadata,Generated from pnpm's resolved dependency graph and local package metadata.
workspace,library,npm,@radix-ui/react-select,2.2.6,runtime,transitive runtime dependency,MIT,pkg:npm/%40radix-ui/react-select@2.2.6,workspace/pnpm-lock.yaml and installed package metadata,Generated from pnpm's resolved dependency graph and local package metadata.
workspace,library,npm,@radix-ui/react-separator,1.1.7,runtime,transitive runtime dependency,MIT,pkg:npm/%40radix-ui/react-separator@1.1.7,workspace/pnpm-lock.yaml and installed package metadata,Generated from pnpm's resolved dependency graph and local package metadata.
workspace,library,npm,@radix-ui/react-slot,1.2.3,runtime,transitive runtime dependency,MIT,pkg:npm/%40radix-ui/react-slot@1.2.3,workspace/pnpm-lock.yaml and installed package metadata,Generated from pnpm's resolved dependency graph and local package metadata.
workspace,library,npm,@radix-ui/react-toggle,1.1.10,runtime,transitive runtime dependency,MIT,pkg:npm/%40radix-ui/react-toggle@1.1.10,workspace/pnpm-lock.yaml and installed package metadata,Generated from pnpm's resolved dependency graph and local package metadata.
workspace,library,npm,@radix-ui/react-toggle-group,1.1.11,runtime,transitive runtime dependency,MIT,pkg:npm/%40radix-ui/react-toggle-group@1.1.11,workspace/pnpm-lock.yaml and installed package metadata,Generated from pnpm's resolved dependency graph and local package metadata.
workspace,library,npm,@radix-ui/react-toolbar,1.1.11,runtime,transitive runtime dependency,MIT,pkg:npm/%40radix-ui/react-toolbar@1.1.11,workspace/pnpm-lock.yaml and installed package metadata,Generated from pnpm's resolved dependency graph and local package metadata.
workspace,library,npm,@radix-ui/react-tooltip,1.2.8,runtime,transitive runtime dependency,MIT,pkg:npm/%40radix-ui/react-tooltip@1.2.8,workspace/pnpm-lock.yaml and installed package metadata,Generated from pnpm's resolved dependency graph and local package metadata.
workspace,library,npm,@radix-ui/react-use-callback-ref,1.1.1,runtime,transitive runtime dependency,MIT,pkg:npm/%40radix-ui/react-use-callback-ref@1.1.1,workspace/pnpm-lock.yaml and installed package metadata,Generated from pnpm's resolved dependency graph and local package metadata.
workspace,library,npm,@radix-ui/react-use-controllable-state,1.2.2,runtime,transitive runtime dependency,MIT,pkg:npm/%40radix-ui/react-use-controllable-state@1.2.2,workspace/pnpm-lock.yaml and installed package metadata,Generated from pnpm's resolved dependency graph and local package metadata.
workspace,library,npm,@radix-ui/react-use-effect-event,0.0.2,runtime,transitive runtime dependency,MIT,pkg:npm/%40radix-ui/react-use-effect-event@0.0.2,workspace/pnpm-lock.yaml and installed package metadata,Generated from pnpm's resolved dependency graph and local package metadata.
workspace,library,npm,@radix-ui/react-use-escape-keydown,1.1.1,runtime,transitive runtime dependency,MIT,pkg:npm/%40radix-ui/react-use-escape-keydown@1.1.1,workspace/pnpm-lock.yaml and installed package metadata,Generated from pnpm's resolved dependency graph and local package metadata.
workspace,library,npm,@radix-ui/react-use-layout-effect,1.1.1,runtime,transitive runtime dependency,MIT,pkg:npm/%40radix-ui/react-use-layout-effect@1.1.1,workspace/pnpm-lock.yaml and installed package metadata,Generated from pnpm's resolved dependency graph and local package metadata.
workspace,library,npm,@radix-ui/react-use-previous,1.1.1,runtime,transitive runtime dependency,MIT,pkg:npm/%40radix-ui/react-use-previous@1.1.1,workspace/pnpm-lock.yaml and installed package metadata,Generated from pnpm's resolved dependency graph and local package metadata.
workspace,library,npm,@radix-ui/react-use-rect,1.1.1,runtime,transitive runtime dependency,MIT,pkg:npm/%40radix-ui/react-use-rect@1.1.1,workspace/pnpm-lock.yaml and installed package metadata,Generated from pnpm's resolved dependency graph and local package metadata.
workspace,library,npm,@radix-ui/react-use-size,1.1.1,runtime,transitive runtime dependency,MIT,pkg:npm/%40radix-ui/react-use-size@1.1.1,workspace/pnpm-lock.yaml and installed package metadata,Generated from pnpm's resolved dependency graph and local package metadata.
workspace,library,npm,@radix-ui/react-visually-hidden,1.2.3,runtime,transitive runtime dependency,MIT,pkg:npm/%40radix-ui/react-visually-hidden@1.2.3,workspace/pnpm-lock.yaml and installed package metadata,Generated from pnpm's resolved dependency graph and local package metadata.
workspace,library,npm,@radix-ui/rect,1.1.1,runtime,transitive runtime dependency,MIT,pkg:npm/%40radix-ui/rect@1.1.1,workspace/pnpm-lock.yaml and installed package metadata,Generated from pnpm's resolved dependency graph and local package metadata.
workspace,library,npm,@react-hook/intersection-observer,3.1.2,runtime,transitive runtime dependency,MIT,pkg:npm/%40react-hook/intersection-observer@3.1.2,workspace/pnpm-lock.yaml and installed package metadata,Generated from pnpm's resolved dependency graph and local package metadata.
workspace,library,npm,@react-hook/passive-layout-effect,1.2.1,runtime,transitive runtime dependency,MIT,pkg:npm/%40react-hook/passive-layout-effect@1.2.1,workspace/pnpm-lock.yaml and installed package metadata,Generated from pnpm's resolved dependency graph and local package metadata.
workspace,library,npm,@rolldown/pluginutils,1.0.0-rc.3,build,transitive build dependency,MIT,pkg:npm/%40rolldown/pluginutils@1.0.0-rc.3,workspace/pnpm-lock.yaml and installed package metadata,Generated from pnpm's resolved dependency graph and local package metadata.
workspace,library,npm,@rollup/rollup-android-arm-eabi,4.59.0,build,transitive build dependency,NOASSERTION,pkg:npm/%40rollup/rollup-android-arm-eabi@4.59.0,workspace/pnpm-lock.yaml and installed package metadata,Generated from pnpm's resolved dependency graph and local package metadata.
workspace,library,npm,@rollup/rollup-android-arm64,4.59.0,build,transitive build dependency,NOASSERTION,pkg:npm/%40rollup/rollup-android-arm64@4.59.0,workspace/pnpm-lock.yaml and installed package metadata,Generated from pnpm's resolved dependency graph and local package metadata.
workspace,library,npm,@rollup/rollup-darwin-arm64,4.59.0,build,transitive build dependency,NOASSERTION,pkg:npm/%40rollup/rollup-darwin-arm64@4.59.0,workspace/pnpm-lock.yaml and installed package metadata,Generated from pnpm's resolved dependency graph and local package metadata.
workspace,library,npm,@rollup/rollup-darwin-x64,4.59.0,build,transitive build dependency,NOASSERTION,pkg:npm/%40rollup/rollup-darwin-x64@4.59.0,workspace/pnpm-lock.yaml and installed package metadata,Generated from pnpm's resolved dependency graph and local package metadata.
workspace,library,npm,@rollup/rollup-freebsd-arm64,4.59.0,build,transitive build dependency,NOASSERTION,pkg:npm/%40rollup/rollup-freebsd-arm64@4.59.0,workspace/pnpm-lock.yaml and installed package metadata,Generated from pnpm's resolved dependency graph and local package metadata.
workspace,library,npm,@rollup/rollup-freebsd-x64,4.59.0,build,transitive build dependency,NOASSERTION,pkg:npm/%40rollup/rollup-freebsd-x64@4.59.0,workspace/pnpm-lock.yaml and installed package metadata,Generated from pnpm's resolved dependency graph and local package metadata.
workspace,library,npm,@rollup/rollup-linux-arm-gnueabihf,4.59.0,build,transitive build dependency,NOASSERTION,pkg:npm/%40rollup/rollup-linux-arm-gnueabihf@4.59.0,workspace/pnpm-lock.yaml and installed package metadata,Generated from pnpm's resolved dependency graph and local package metadata.
workspace,library,npm,@rollup/rollup-linux-arm-musleabihf,4.59.0,build,transitive build dependency,NOASSERTION,pkg:npm/%40rollup/rollup-linux-arm-musleabihf@4.59.0,workspace/pnpm-lock.yaml and installed package metadata,Generated from pnpm's resolved dependency graph and local package metadata.
workspace,library,npm,@rollup/rollup-linux-arm64-gnu,4.59.0,build,transitive build dependency,NOASSERTION,pkg:npm/%40rollup/rollup-linux-arm64-gnu@4.59.0,workspace/pnpm-lock.yaml and installed package metadata,Generated from pnpm's resolved dependency graph and local package metadata.
workspace,library,npm,@rollup/rollup-linux-arm64-musl,4.59.0,build,transitive build dependency,NOASSERTION,pkg:npm/%40rollup/rollup-linux-arm64-musl@4.59.0,workspace/pnpm-lock.yaml and installed package metadata,Generated from pnpm's resolved dependency graph and local package metadata.
workspace,library,npm,@rollup/rollup-linux-loong64-gnu,4.59.0,build,transitive build dependency,NOASSERTION,pkg:npm/%40rollup/rollup-linux-loong64-gnu@4.59.0,workspace/pnpm-lock.yaml and installed package metadata,Generated from pnpm's resolved dependency graph and local package metadata.
workspace,library,npm,@rollup/rollup-linux-loong64-musl,4.59.0,build,transitive build dependency,NOASSERTION,pkg:npm/%40rollup/rollup-linux-loong64-musl@4.59.0,workspace/pnpm-lock.yaml and installed package metadata,Generated from pnpm's resolved dependency graph and local package metadata.
workspace,library,npm,@rollup/rollup-linux-ppc64-gnu,4.59.0,build,transitive build dependency,NOASSERTION,pkg:npm/%40rollup/rollup-linux-ppc64-gnu@4.59.0,workspace/pnpm-lock.yaml and installed package metadata,Generated from pnpm's resolved dependency graph and local package metadata.
workspace,library,npm,@rollup/rollup-linux-ppc64-musl,4.59.0,build,transitive build dependency,NOASSERTION,pkg:npm/%40rollup/rollup-linux-ppc64-musl@4.59.0,workspace/pnpm-lock.yaml and installed package metadata,Generated from pnpm's resolved dependency graph and local package metadata.
workspace,library,npm,@rollup/rollup-linux-riscv64-gnu,4.59.0,build,transitive build dependency,NOASSERTION,pkg:npm/%40rollup/rollup-linux-riscv64-gnu@4.59.0,workspace/pnpm-lock.yaml and installed package metadata,Generated from pnpm's resolved dependency graph and local package metadata.
workspace,library,npm,@rollup/rollup-linux-riscv64-musl,4.59.0,build,transitive build dependency,NOASSERTION,pkg:npm/%40rollup/rollup-linux-riscv64-musl@4.59.0,workspace/pnpm-lock.yaml and installed package metadata,Generated from pnpm's resolved dependency graph and local package metadata.
workspace,library,npm,@rollup/rollup-linux-s390x-gnu,4.59.0,build,transitive build dependency,NOASSERTION,pkg:npm/%40rollup/rollup-linux-s390x-gnu@4.59.0,workspace/pnpm-lock.yaml and installed package metadata,Generated from pnpm's resolved dependency graph and local package metadata.
workspace,library,npm,@rollup/rollup-linux-x64-gnu,4.59.0,build,transitive build dependency,MIT,pkg:npm/%40rollup/rollup-linux-x64-gnu@4.59.0,workspace/pnpm-lock.yaml and installed package metadata,Generated from pnpm's resolved dependency graph and local package metadata.
workspace,library,npm,@rollup/rollup-linux-x64-musl,4.59.0,build,transitive build dependency,NOASSERTION,pkg:npm/%40rollup/rollup-linux-x64-musl@4.59.0,workspace/pnpm-lock.yaml and installed package metadata,Generated from pnpm's resolved dependency graph and local package metadata.
workspace,library,npm,@rollup/rollup-openbsd-x64,4.59.0,build,transitive build dependency,NOASSERTION,pkg:npm/%40rollup/rollup-openbsd-x64@4.59.0,workspace/pnpm-lock.yaml and installed package metadata,Generated from pnpm's resolved dependency graph and local package metadata.
workspace,library,npm,@rollup/rollup-openharmony-arm64,4.59.0,build,transitive build dependency,NOASSERTION,pkg:npm/%40rollup/rollup-openharmony-arm64@4.59.0,workspace/pnpm-lock.yaml and installed package metadata,Generated from pnpm's resolved dependency graph and local package metadata.
workspace,library,npm,@rollup/rollup-win32-arm64-msvc,4.59.0,build,transitive build dependency,NOASSERTION,pkg:npm/%40rollup/rollup-win32-arm64-msvc@4.59.0,workspace/pnpm-lock.yaml and installed package metadata,Generated from pnpm's resolved dependency graph and local package metadata.
workspace,library,npm,@rollup/rollup-win32-ia32-msvc,4.59.0,build,transitive build dependency,NOASSERTION,pkg:npm/%40rollup/rollup-win32-ia32-msvc@4.59.0,workspace/pnpm-lock.yaml and installed package metadata,Generated from pnpm's resolved dependency graph and local package metadata.
workspace,library,npm,@rollup/rollup-win32-x64-gnu,4.59.0,build,transitive build dependency,NOASSERTION,pkg:npm/%40rollup/rollup-win32-x64-gnu@4.59.0,workspace/pnpm-lock.yaml and installed package metadata,Generated from pnpm's resolved dependency graph and local package metadata.
workspace,library,npm,@rollup/rollup-win32-x64-msvc,4.59.0,build,transitive build dependency,NOASSERTION,pkg:npm/%40rollup/rollup-win32-x64-msvc@4.59.0,workspace/pnpm-lock.yaml and installed package metadata,Generated from pnpm's resolved dependency graph and local package metadata.
workspace,library,npm,@spz-loader/core,0.3.1,runtime,transitive runtime dependency,Apache-2.0,pkg:npm/%40spz-loader/core@0.3.1,workspace/pnpm-lock.yaml and installed package metadata,Generated from pnpm's resolved dependency graph and local package metadata.
workspace,library,npm,@stitches/core,1.2.8,runtime,transitive runtime dependency,MIT,pkg:npm/%40stitches/core@1.2.8,workspace/pnpm-lock.yaml and installed package metadata,Generated from pnpm's resolved dependency graph and local package metadata.
workspace,library,npm,@tanstack/history,1.161.4,runtime,transitive runtime dependency,MIT,pkg:npm/%40tanstack/history@1.161.4,workspace/pnpm-lock.yaml and installed package metadata,Generated from pnpm's resolved dependency graph and local package metadata.
workspace,library,npm,@tanstack/query-core,5.90.20,runtime,transitive runtime dependency,MIT,pkg:npm/%40tanstack/query-core@5.90.20,workspace/pnpm-lock.yaml and installed package metadata,Generated from pnpm's resolved dependency graph and local package metadata.
workspace,library,npm,@tanstack/react-query,5.90.21,runtime,direct runtime dependency,MIT,pkg:npm/%40tanstack/react-query@5.90.21,workspace/pnpm-lock.yaml and installed package metadata,Generated from pnpm's resolved dependency graph and local package metadata.
workspace,library,npm,@tanstack/react-router,1.162.9,runtime,direct runtime dependency,MIT,pkg:npm/%40tanstack/react-router@1.162.9,workspace/pnpm-lock.yaml and installed package metadata,Generated from pnpm's resolved dependency graph and local package metadata.
workspace,library,npm,@tanstack/react-router-devtools,1.162.9,runtime,direct runtime dependency,MIT,pkg:npm/%40tanstack/react-router-devtools@1.162.9,workspace/pnpm-lock.yaml and installed package metadata,Generated from pnpm's resolved dependency graph and local package metadata.
workspace,library,npm,@tanstack/react-store,0.9.1,runtime,transitive runtime dependency,MIT,pkg:npm/%40tanstack/react-store@0.9.1,workspace/pnpm-lock.yaml and installed package metadata,Generated from pnpm's resolved dependency graph and local package metadata.
workspace,library,npm,@tanstack/router-core,1.162.9,build,transitive build dependency,MIT,pkg:npm/%40tanstack/router-core@1.162.9,workspace/pnpm-lock.yaml and installed package metadata,Generated from pnpm's resolved dependency graph and local package metadata.
workspace,library,npm,@tanstack/router-devtools-core,1.162.9,runtime,transitive runtime dependency,MIT,pkg:npm/%40tanstack/router-devtools-core@1.162.9,workspace/pnpm-lock.yaml and installed package metadata,Generated from pnpm's resolved dependency graph and local package metadata.
workspace,library,npm,@tanstack/router-generator,1.162.9,build,transitive build dependency,MIT,pkg:npm/%40tanstack/router-generator@1.162.9,workspace/pnpm-lock.yaml and installed package metadata,Generated from pnpm's resolved dependency graph and local package metadata.
workspace,library,npm,@tanstack/router-plugin,1.162.9,build,direct build dependency,MIT,pkg:npm/%40tanstack/router-plugin@1.162.9,workspace/pnpm-lock.yaml and installed package metadata,Generated from pnpm's resolved dependency graph and local package metadata.
workspace,library,npm,@tanstack/router-utils,1.161.4,build,transitive build dependency,MIT,pkg:npm/%40tanstack/router-utils@1.161.4,workspace/pnpm-lock.yaml and installed package metadata,Generated from pnpm's resolved dependency graph and local package metadata.
workspace,library,npm,@tanstack/store,0.9.1,build,transitive build dependency,MIT,pkg:npm/%40tanstack/store@0.9.1,workspace/pnpm-lock.yaml and installed package metadata,Generated from pnpm's resolved dependency graph and local package metadata.
workspace,library,npm,@tanstack/virtual-file-routes,1.161.4,build,transitive build dependency,MIT,pkg:npm/%40tanstack/virtual-file-routes@1.161.4,workspace/pnpm-lock.yaml and installed package metadata,Generated from pnpm's resolved dependency graph and local package metadata.
workspace,library,npm,@tweenjs/tween.js,25.0.0,runtime,transitive runtime dependency,MIT,pkg:npm/%40tweenjs/tween.js@25.0.0,workspace/pnpm-lock.yaml and installed package metadata,Generated from pnpm's resolved dependency graph and local package metadata.
workspace,library,npm,@types/babel__core,7.20.5,build,transitive build dependency,MIT,pkg:npm/%40types/babel__core@7.20.5,workspace/pnpm-lock.yaml and installed package metadata,Generated from pnpm's resolved dependency graph and local package metadata.
workspace,library,npm,@types/babel__generator,7.27.0,build,transitive build dependency,MIT,pkg:npm/%40types/babel__generator@7.27.0,workspace/pnpm-lock.yaml and installed package metadata,Generated from pnpm's resolved dependency graph and local package metadata.
workspace,library,npm,@types/babel__template,7.4.4,build,transitive build dependency,MIT,pkg:npm/%40types/babel__template@7.4.4,workspace/pnpm-lock.yaml and installed package metadata,Generated from pnpm's resolved dependency graph and local package metadata.
workspace,library,npm,@types/babel__traverse,7.28.0,build,transitive build dependency,MIT,pkg:npm/%40types/babel__traverse@7.28.0,workspace/pnpm-lock.yaml and installed package metadata,Generated from pnpm's resolved dependency graph and local package metadata.
workspace,library,npm,@types/debug,4.1.13,runtime,transitive runtime dependency,MIT,pkg:npm/%40types/debug@4.1.13,workspace/pnpm-lock.yaml and installed package metadata,Generated from pnpm's resolved dependency graph and local package metadata.
workspace,library,npm,@types/estree-jsx,1.0.5,runtime,transitive runtime dependency,MIT,pkg:npm/%40types/estree-jsx@1.0.5,workspace/pnpm-lock.yaml and installed package metadata,Generated from pnpm's resolved dependency graph and local package metadata.
workspace,library,npm,@types/geojson,7946.0.16,runtime,transitive runtime dependency,MIT,pkg:npm/%40types/geojson@7946.0.16,workspace/pnpm-lock.yaml and installed package metadata,Generated from pnpm's resolved dependency graph and local package metadata.
workspace,library,npm,@types/hast,3.0.4,runtime,transitive runtime dependency,MIT,pkg:npm/%40types/hast@3.0.4,workspace/pnpm-lock.yaml and installed package metadata,Generated from pnpm's resolved dependency graph and local package metadata.
workspace,library,npm,@types/leaflet,1.9.21,runtime,direct runtime dependency,MIT,pkg:npm/%40types/leaflet@1.9.21,workspace/pnpm-lock.yaml and installed package metadata,Generated from pnpm's resolved dependency graph and local package metadata.
workspace,library,npm,@types/mdast,4.0.4,runtime,transitive runtime dependency,MIT,pkg:npm/%40types/mdast@4.0.4,workspace/pnpm-lock.yaml and installed package metadata,Generated from pnpm's resolved dependency graph and local package metadata.
workspace,library,npm,@types/ms,2.1.0,runtime,transitive runtime dependency,MIT,pkg:npm/%40types/ms@2.1.0,workspace/pnpm-lock.yaml and installed package metadata,Generated from pnpm's resolved dependency graph and local package metadata.
workspace,library,npm,@types/parse-json,4.0.2,runtime,transitive runtime dependency,MIT,pkg:npm/%40types/parse-json@4.0.2,workspace/pnpm-lock.yaml and installed package metadata,Generated from pnpm's resolved dependency graph and local package metadata.
workspace,library,npm,@types/prop-types,15.7.15,runtime,transitive runtime dependency,MIT,pkg:npm/%40types/prop-types@15.7.15,workspace/pnpm-lock.yaml and installed package metadata,Generated from pnpm's resolved dependency graph and local package metadata.
workspace,library,npm,@types/react-transition-group,4.4.12,runtime,transitive runtime dependency,MIT,pkg:npm/%40types/react-transition-group@4.4.12,workspace/pnpm-lock.yaml and installed package metadata,Generated from pnpm's resolved dependency graph and local package metadata.
workspace,library,npm,@types/trusted-types,2.0.7,runtime,transitive runtime dependency,MIT,pkg:npm/%40types/trusted-types@2.0.7,workspace/pnpm-lock.yaml and installed package metadata,Generated from pnpm's resolved dependency graph and local package metadata.
workspace,library,npm,@types/unist,3.0.3,runtime,transitive runtime dependency,MIT,pkg:npm/%40types/unist@3.0.3,workspace/pnpm-lock.yaml and installed package metadata,Generated from pnpm's resolved dependency graph and local package metadata.
workspace,library,npm,@types/unist,2.0.11,runtime,transitive runtime dependency,MIT,pkg:npm/%40types/unist@2.0.11,workspace/pnpm-lock.yaml and installed package metadata,Generated from pnpm's resolved dependency graph and local package metadata.
workspace,library,npm,@vitejs/plugin-react,5.1.4,build,direct build dependency,MIT,pkg:npm/%40vitejs/plugin-react@5.1.4,workspace/pnpm-lock.yaml and installed package metadata,Generated from pnpm's resolved dependency graph and local package metadata.
workspace,library,npm,@zip.js/zip.js,2.8.26,runtime,transitive runtime dependency,BSD-3-Clause,pkg:npm/%40zip.js/zip.js@2.8.26,workspace/pnpm-lock.yaml and installed package metadata,Generated from pnpm's resolved dependency graph and local package metadata.
workspace,library,npm,acorn,8.16.0,build,transitive build dependency,MIT,pkg:npm/acorn@8.16.0,workspace/pnpm-lock.yaml and installed package metadata,Generated from pnpm's resolved dependency graph and local package metadata.
workspace,library,npm,anser,2.3.5,runtime,transitive runtime dependency,MIT,pkg:npm/anser@2.3.5,workspace/pnpm-lock.yaml and installed package metadata,Generated from pnpm's resolved dependency graph and local package metadata.
workspace,library,npm,ansis,4.2.0,build,transitive build dependency,ISC,pkg:npm/ansis@4.2.0,workspace/pnpm-lock.yaml and installed package metadata,Generated from pnpm's resolved dependency graph and local package metadata.
workspace,library,npm,anymatch,3.1.3,build,transitive build dependency,ISC,pkg:npm/anymatch@3.1.3,workspace/pnpm-lock.yaml and installed package metadata,Generated from pnpm's resolved dependency graph and local package metadata.
workspace,library,npm,aria-hidden,1.2.6,runtime,transitive runtime dependency,MIT,pkg:npm/aria-hidden@1.2.6,workspace/pnpm-lock.yaml and installed package metadata,Generated from pnpm's resolved dependency graph and local package metadata.
workspace,library,npm,ast-types,0.16.1,build,transitive build dependency,MIT,pkg:npm/ast-types@0.16.1,workspace/pnpm-lock.yaml and installed package metadata,Generated from pnpm's resolved dependency graph and local package metadata.
workspace,library,npm,autolinker,4.1.5,runtime,transitive runtime dependency,MIT,pkg:npm/autolinker@4.1.5,workspace/pnpm-lock.yaml and installed package metadata,Generated from pnpm's resolved dependency graph and local package metadata.
workspace,library,npm,babel-dead-code-elimination,1.0.12,build,transitive build dependency,MIT,pkg:npm/babel-dead-code-elimination@1.0.12,workspace/pnpm-lock.yaml and installed package metadata,Generated from pnpm's resolved dependency graph and local package metadata.
workspace,library,npm,babel-plugin-macros,3.1.0,runtime,transitive runtime dependency,MIT,pkg:npm/babel-plugin-macros@3.1.0,workspace/pnpm-lock.yaml and installed package metadata,Generated from pnpm's resolved dependency graph and local package metadata.
workspace,library,npm,babel-plugin-react-compiler,1.0.0,build,direct build dependency,MIT,pkg:npm/babel-plugin-react-compiler@1.0.0,workspace/pnpm-lock.yaml and installed package metadata,Generated from pnpm's resolved dependency graph and local package metadata.
workspace,library,npm,base64-js,1.5.1,runtime,transitive runtime dependency,MIT,pkg:npm/base64-js@1.5.1,workspace/pnpm-lock.yaml and installed package metadata,Generated from pnpm's resolved dependency graph and local package metadata.
workspace,library,npm,baseline-browser-mapping,2.10.0,build,transitive build dependency,Apache-2.0,pkg:npm/baseline-browser-mapping@2.10.0,workspace/pnpm-lock.yaml and installed package metadata,Generated from pnpm's resolved dependency graph and local package metadata.
workspace,library,npm,binary-extensions,2.3.0,build,transitive build dependency,MIT,pkg:npm/binary-extensions@2.3.0,workspace/pnpm-lock.yaml and installed package metadata,Generated from pnpm's resolved dependency graph and local package metadata.
workspace,library,npm,bitmap-sdf,1.0.4,runtime,transitive runtime dependency,MIT,pkg:npm/bitmap-sdf@1.0.4,workspace/pnpm-lock.yaml and installed package metadata,Generated from pnpm's resolved dependency graph and local package metadata.
workspace,library,npm,braces,3.0.3,build,transitive build dependency,MIT,pkg:npm/braces@3.0.3,workspace/pnpm-lock.yaml and installed package metadata,Generated from pnpm's resolved dependency graph and local package metadata.
workspace,library,npm,browserslist,4.28.1,build,transitive build dependency,MIT,pkg:npm/browserslist@4.28.1,workspace/pnpm-lock.yaml and installed package metadata,Generated from pnpm's resolved dependency graph and local package metadata.
workspace,library,npm,buffer,6.0.3,runtime,transitive runtime dependency,MIT,pkg:npm/buffer@6.0.3,workspace/pnpm-lock.yaml and installed package metadata,Generated from pnpm's resolved dependency graph and local package metadata.
workspace,library,npm,caniuse-lite,1.0.30001774,build,transitive build dependency,CC-BY-4.0,pkg:npm/caniuse-lite@1.0.30001774,workspace/pnpm-lock.yaml and installed package metadata,Generated from pnpm's resolved dependency graph and local package metadata.
workspace,library,npm,ccount,2.0.1,runtime,transitive runtime dependency,MIT,pkg:npm/ccount@2.0.1,workspace/pnpm-lock.yaml and installed package metadata,Generated from pnpm's resolved dependency graph and local package metadata.
workspace,library,npm,cesium,1.141.0,runtime,direct runtime dependency,Apache-2.0,pkg:npm/cesium@1.141.0,workspace/pnpm-lock.yaml and installed package metadata,Generated from pnpm's resolved dependency graph and local package metadata.
workspace,library,npm,character-entities,2.0.2,runtime,transitive runtime dependency,MIT,pkg:npm/character-entities@2.0.2,workspace/pnpm-lock.yaml and installed package metadata,Generated from pnpm's resolved dependency graph and local package metadata.
workspace,library,npm,character-entities-html4,2.1.0,runtime,transitive runtime dependency,MIT,pkg:npm/character-entities-html4@2.1.0,workspace/pnpm-lock.yaml and installed package metadata,Generated from pnpm's resolved dependency graph and local package metadata.
workspace,library,npm,character-entities-legacy,3.0.0,runtime,transitive runtime dependency,MIT,pkg:npm/character-entities-legacy@3.0.0,workspace/pnpm-lock.yaml and installed package metadata,Generated from pnpm's resolved dependency graph and local package metadata.
workspace,library,npm,character-reference-invalid,2.0.1,runtime,transitive runtime dependency,MIT,pkg:npm/character-reference-invalid@2.0.1,workspace/pnpm-lock.yaml and installed package metadata,Generated from pnpm's resolved dependency graph and local package metadata.
workspace,library,npm,chokidar,3.6.0,build,transitive build dependency,MIT,pkg:npm/chokidar@3.6.0,workspace/pnpm-lock.yaml and installed package metadata,Generated from pnpm's resolved dependency graph and local package metadata.
workspace,library,npm,classnames,2.5.1,runtime,transitive runtime dependency,MIT,pkg:npm/classnames@2.5.1,workspace/pnpm-lock.yaml and installed package metadata,Generated from pnpm's resolved dependency graph and local package metadata.
workspace,library,npm,clean-set,1.1.2,runtime,transitive runtime dependency,MIT,pkg:npm/clean-set@1.1.2,workspace/pnpm-lock.yaml and installed package metadata,Generated from pnpm's resolved dependency graph and local package metadata.
workspace,library,npm,clsx,2.1.1,runtime,transitive runtime dependency,MIT,pkg:npm/clsx@2.1.1,workspace/pnpm-lock.yaml and installed package metadata,Generated from pnpm's resolved dependency graph and local package metadata.
workspace,library,npm,cm6-theme-basic-light,0.2.0,runtime,transitive runtime dependency,MIT,pkg:npm/cm6-theme-basic-light@0.2.0,workspace/pnpm-lock.yaml and installed package metadata,Generated from pnpm's resolved dependency graph and local package metadata.
workspace,library,npm,codemirror,6.0.2,runtime,transitive runtime dependency,MIT,pkg:npm/codemirror@6.0.2,workspace/pnpm-lock.yaml and installed package metadata,Generated from pnpm's resolved dependency graph and local package metadata.
workspace,library,npm,commander,2.20.3,runtime,transitive runtime dependency,MIT,pkg:npm/commander@2.20.3,workspace/pnpm-lock.yaml and installed package metadata,Generated from pnpm's resolved dependency graph and local package metadata.
workspace,library,npm,compute-scroll-into-view,2.0.4,runtime,transitive runtime dependency,MIT,pkg:npm/compute-scroll-into-view@2.0.4,workspace/pnpm-lock.yaml and installed package metadata,Generated from pnpm's resolved dependency graph and local package metadata.
workspace,library,npm,convert-source-map,2.0.0,build,transitive build dependency,MIT,pkg:npm/convert-source-map@2.0.0,workspace/pnpm-lock.yaml and installed package metadata,Generated from pnpm's resolved dependency graph and local package metadata.
workspace,library,npm,convert-source-map,1.9.0,runtime,transitive runtime dependency,MIT,pkg:npm/convert-source-map@1.9.0,workspace/pnpm-lock.yaml and installed package metadata,Generated from pnpm's resolved dependency graph and local package metadata.
workspace,library,npm,cookie-es,2.0.0,build,transitive build dependency,MIT,pkg:npm/cookie-es@2.0.0,workspace/pnpm-lock.yaml and installed package metadata,Generated from pnpm's resolved dependency graph and local package metadata.
workspace,library,npm,cosmiconfig,7.1.0,runtime,transitive runtime dependency,MIT,pkg:npm/cosmiconfig@7.1.0,workspace/pnpm-lock.yaml and installed package metadata,Generated from pnpm's resolved dependency graph and local package metadata.
workspace,library,npm,crelt,1.0.6,runtime,transitive runtime dependency,MIT,pkg:npm/crelt@1.0.6,workspace/pnpm-lock.yaml and installed package metadata,Generated from pnpm's resolved dependency graph and local package metadata.
workspace,library,npm,d,1.0.2,runtime,transitive runtime dependency,ISC,pkg:npm/d@1.0.2,workspace/pnpm-lock.yaml and installed package metadata,Generated from pnpm's resolved dependency graph and local package metadata.
workspace,library,npm,decode-named-character-reference,1.3.0,runtime,transitive runtime dependency,MIT,pkg:npm/decode-named-character-reference@1.3.0,workspace/pnpm-lock.yaml and installed package metadata,Generated from pnpm's resolved dependency graph and local package metadata.
workspace,library,npm,dequal,2.0.3,runtime,transitive runtime dependency,MIT,pkg:npm/dequal@2.0.3,workspace/pnpm-lock.yaml and installed package metadata,Generated from pnpm's resolved dependency graph and local package metadata.
workspace,library,npm,detect-node-es,1.1.0,runtime,transitive runtime dependency,MIT,pkg:npm/detect-node-es@1.1.0,workspace/pnpm-lock.yaml and installed package metadata,Generated from pnpm's resolved dependency graph and local package metadata.
workspace,library,npm,devlop,1.1.0,runtime,transitive runtime dependency,MIT,pkg:npm/devlop@1.1.0,workspace/pnpm-lock.yaml and installed package metadata,Generated from pnpm's resolved dependency graph and local package metadata.
workspace,library,npm,diff,8.0.3,build,transitive build dependency,BSD-3-Clause,pkg:npm/diff@8.0.3,workspace/pnpm-lock.yaml and installed package metadata,Generated from pnpm's resolved dependency graph and local package metadata.
workspace,library,npm,diff,5.2.2,runtime,transitive runtime dependency,BSD-3-Clause,pkg:npm/diff@5.2.2,workspace/pnpm-lock.yaml and installed package metadata,Generated from pnpm's resolved dependency graph and local package metadata.
workspace,library,npm,dom-helpers,5.2.1,runtime,transitive runtime dependency,MIT,pkg:npm/dom-helpers@5.2.1,workspace/pnpm-lock.yaml and installed package metadata,Generated from pnpm's resolved dependency graph and local package metadata.
workspace,library,npm,dompurify,3.4.2,runtime,transitive runtime dependency,(MPL-2.0 OR Apache-2.0),pkg:npm/dompurify@3.4.2,workspace/pnpm-lock.yaml and installed package metadata,Generated from pnpm's resolved dependency graph and local package metadata.
workspace,library,npm,dotenv,16.6.1,runtime,transitive runtime dependency,BSD-2-Clause,pkg:npm/dotenv@16.6.1,workspace/pnpm-lock.yaml and installed package metadata,Generated from pnpm's resolved dependency graph and local package metadata.
workspace,library,npm,downshift,7.6.2,runtime,transitive runtime dependency,MIT,pkg:npm/downshift@7.6.2,workspace/pnpm-lock.yaml and installed package metadata,Generated from pnpm's resolved dependency graph and local package metadata.
workspace,library,npm,draco3d,1.5.7,runtime,transitive runtime dependency,Apache-2.0,pkg:npm/draco3d@1.5.7,workspace/pnpm-lock.yaml and installed package metadata,Generated from pnpm's resolved dependency graph and local package metadata.
workspace,library,npm,earcut,3.0.2,runtime,transitive runtime dependency,ISC,pkg:npm/earcut@3.0.2,workspace/pnpm-lock.yaml and installed package metadata,Generated from pnpm's resolved dependency graph and local package metadata.
workspace,library,npm,electron-to-chromium,1.5.302,build,transitive build dependency,ISC,pkg:npm/electron-to-chromium@1.5.302,workspace/pnpm-lock.yaml and installed package metadata,Generated from pnpm's resolved dependency graph and local package metadata.
workspace,library,npm,error-ex,1.3.4,runtime,transitive runtime dependency,MIT,pkg:npm/error-ex@1.3.4,workspace/pnpm-lock.yaml and installed package metadata,Generated from pnpm's resolved dependency graph and local package metadata.
workspace,library,npm,es5-ext,0.10.64,runtime,transitive runtime dependency,ISC,pkg:npm/es5-ext@0.10.64,workspace/pnpm-lock.yaml and installed package metadata,Generated from pnpm's resolved dependency graph and local package metadata.
workspace,library,npm,es6-iterator,2.0.3,runtime,transitive runtime dependency,MIT,pkg:npm/es6-iterator@2.0.3,workspace/pnpm-lock.yaml and installed package metadata,Generated from pnpm's resolved dependency graph and local package metadata.
workspace,library,npm,es6-symbol,3.1.4,runtime,transitive runtime dependency,ISC,pkg:npm/es6-symbol@3.1.4,workspace/pnpm-lock.yaml and installed package metadata,Generated from pnpm's resolved dependency graph and local package metadata.
workspace,library,npm,esbuild,0.27.3,build,transitive build dependency,MIT,pkg:npm/esbuild@0.27.3,workspace/pnpm-lock.yaml and installed package metadata,Generated from pnpm's resolved dependency graph and local package metadata.
workspace,library,npm,escalade,3.2.0,build,transitive build dependency,MIT,pkg:npm/escalade@3.2.0,workspace/pnpm-lock.yaml and installed package metadata,Generated from pnpm's resolved dependency graph and local package metadata.
workspace,library,npm,escape-carriage,1.3.1,runtime,transitive runtime dependency,MIT,pkg:npm/escape-carriage@1.3.1,workspace/pnpm-lock.yaml and installed package metadata,Generated from pnpm's resolved dependency graph and local package metadata.
workspace,library,npm,escape-string-regexp,5.0.0,runtime,transitive runtime dependency,MIT,pkg:npm/escape-string-regexp@5.0.0,workspace/pnpm-lock.yaml and installed package metadata,Generated from pnpm's resolved dependency graph and local package metadata.
workspace,library,npm,esniff,2.0.1,runtime,transitive runtime dependency,ISC,pkg:npm/esniff@2.0.1,workspace/pnpm-lock.yaml and installed package metadata,Generated from pnpm's resolved dependency graph and local package metadata.
workspace,library,npm,esprima,4.0.1,build,transitive build dependency,BSD-2-Clause,pkg:npm/esprima@4.0.1,workspace/pnpm-lock.yaml and installed package metadata,Generated from pnpm's resolved dependency graph and local package metadata.
workspace,library,npm,estree-util-is-identifier-name,3.0.0,runtime,transitive runtime dependency,MIT,pkg:npm/estree-util-is-identifier-name@3.0.0,workspace/pnpm-lock.yaml and installed package metadata,Generated from pnpm's resolved dependency graph and local package metadata.
workspace,library,npm,estree-util-visit,2.0.0,runtime,transitive runtime dependency,MIT,pkg:npm/estree-util-visit@2.0.0,workspace/pnpm-lock.yaml and installed package metadata,Generated from pnpm's resolved dependency graph and local package metadata.
workspace,library,npm,event-emitter,0.3.5,runtime,transitive runtime dependency,MIT,pkg:npm/event-emitter@0.3.5,workspace/pnpm-lock.yaml and installed package metadata,Generated from pnpm's resolved dependency graph and local package metadata.
workspace,library,npm,ext,1.7.0,runtime,transitive runtime dependency,ISC,pkg:npm/ext@1.7.0,workspace/pnpm-lock.yaml and installed package metadata,Generated from pnpm's resolved dependency graph and local package metadata.
workspace,library,npm,fault,2.0.1,runtime,transitive runtime dependency,MIT,pkg:npm/fault@2.0.1,workspace/pnpm-lock.yaml and installed package metadata,Generated from pnpm's resolved dependency graph and local package metadata.
workspace,library,npm,fdir,6.5.0,build,transitive build dependency,MIT,pkg:npm/fdir@6.5.0,workspace/pnpm-lock.yaml and installed package metadata,Generated from pnpm's resolved dependency graph and local package metadata.
workspace,library,npm,fill-range,7.1.1,build,transitive build dependency,MIT,pkg:npm/fill-range@7.1.1,workspace/pnpm-lock.yaml and installed package metadata,Generated from pnpm's resolved dependency graph and local package metadata.
workspace,library,npm,find-root,1.1.0,runtime,transitive runtime dependency,MIT,pkg:npm/find-root@1.1.0,workspace/pnpm-lock.yaml and installed package metadata,Generated from pnpm's resolved dependency graph and local package metadata.
workspace,library,npm,format,0.2.2,runtime,transitive runtime dependency,MIT,pkg:npm/format@0.2.2,workspace/pnpm-lock.yaml and installed package metadata,Generated from pnpm's resolved dependency graph and local package metadata.
workspace,library,npm,framer-motion,12.38.0,runtime,transitive runtime dependency,MIT,pkg:npm/framer-motion@12.38.0,workspace/pnpm-lock.yaml and installed package metadata,Generated from pnpm's resolved dependency graph and local package metadata.
workspace,library,npm,fsevents,2.3.3,build,transitive build dependency,NOASSERTION,pkg:npm/fsevents@2.3.3,workspace/pnpm-lock.yaml and installed package metadata,Generated from pnpm's resolved dependency graph and local package metadata.
workspace,library,npm,gensync,1.0.0-beta.2,build,transitive build dependency,MIT,pkg:npm/gensync@1.0.0-beta.2,workspace/pnpm-lock.yaml and installed package metadata,Generated from pnpm's resolved dependency graph and local package metadata.
workspace,library,npm,get-nonce,1.0.1,runtime,transitive runtime dependency,MIT,pkg:npm/get-nonce@1.0.1,workspace/pnpm-lock.yaml and installed package metadata,Generated from pnpm's resolved dependency graph and local package metadata.
workspace,library,npm,glob-parent,5.1.2,build,transitive build dependency,ISC,pkg:npm/glob-parent@5.1.2,workspace/pnpm-lock.yaml and installed package metadata,Generated from pnpm's resolved dependency graph and local package metadata.
workspace,library,npm,goober,2.1.18,runtime,transitive runtime dependency,MIT,pkg:npm/goober@2.1.18,workspace/pnpm-lock.yaml and installed package metadata,Generated from pnpm's resolved dependency graph and local package metadata.
workspace,library,npm,grapheme-splitter,1.0.4,runtime,transitive runtime dependency,MIT,pkg:npm/grapheme-splitter@1.0.4,workspace/pnpm-lock.yaml and installed package metadata,Generated from pnpm's resolved dependency graph and local package metadata.
workspace,library,npm,hoist-non-react-statics,3.3.2,runtime,transitive runtime dependency,BSD-3-Clause,pkg:npm/hoist-non-react-statics@3.3.2,workspace/pnpm-lock.yaml and installed package metadata,Generated from pnpm's resolved dependency graph and local package metadata.
workspace,library,npm,html-parse-stringify,3.0.1,runtime,transitive runtime dependency,MIT,pkg:npm/html-parse-stringify@3.0.1,workspace/pnpm-lock.yaml and installed package metadata,Generated from pnpm's resolved dependency graph and local package metadata.
workspace,library,npm,i18next,25.8.13,runtime,direct runtime dependency,MIT,pkg:npm/i18next@25.8.13,workspace/pnpm-lock.yaml and installed package metadata,Generated from pnpm's resolved dependency graph and local package metadata.
workspace,library,npm,i18next-browser-languagedetector,8.2.1,runtime,direct runtime dependency,MIT,pkg:npm/i18next-browser-languagedetector@8.2.1,workspace/pnpm-lock.yaml and installed package metadata,Generated from pnpm's resolved dependency graph and local package metadata.
workspace,library,npm,ieee754,1.2.1,runtime,transitive runtime dependency,BSD-3-Clause,pkg:npm/ieee754@1.2.1,workspace/pnpm-lock.yaml and installed package metadata,Generated from pnpm's resolved dependency graph and local package metadata.
workspace,library,npm,immer,11.1.4,runtime,direct runtime dependency,MIT,pkg:npm/immer@11.1.4,workspace/pnpm-lock.yaml and installed package metadata,Generated from pnpm's resolved dependency graph and local package metadata.
workspace,library,npm,intersection-observer,0.10.0,runtime,transitive runtime dependency,W3C-20150513,pkg:npm/intersection-observer@0.10.0,workspace/pnpm-lock.yaml and installed package metadata,Generated from pnpm's resolved dependency graph and local package metadata.
workspace,library,npm,is-alphabetical,2.0.1,runtime,transitive runtime dependency,MIT,pkg:npm/is-alphabetical@2.0.1,workspace/pnpm-lock.yaml and installed package metadata,Generated from pnpm's resolved dependency graph and local package metadata.
workspace,library,npm,is-alphanumerical,2.0.1,runtime,transitive runtime dependency,MIT,pkg:npm/is-alphanumerical@2.0.1,workspace/pnpm-lock.yaml and installed package metadata,Generated from pnpm's resolved dependency graph and local package metadata.
workspace,library,npm,is-arrayish,0.2.1,runtime,transitive runtime dependency,MIT,pkg:npm/is-arrayish@0.2.1,workspace/pnpm-lock.yaml and installed package metadata,Generated from pnpm's resolved dependency graph and local package metadata.
workspace,library,npm,is-binary-path,2.1.0,build,transitive build dependency,MIT,pkg:npm/is-binary-path@2.1.0,workspace/pnpm-lock.yaml and installed package metadata,Generated from pnpm's resolved dependency graph and local package metadata.
workspace,library,npm,is-decimal,2.0.1,runtime,transitive runtime dependency,MIT,pkg:npm/is-decimal@2.0.1,workspace/pnpm-lock.yaml and installed package metadata,Generated from pnpm's resolved dependency graph and local package metadata.
workspace,library,npm,is-hexadecimal,2.0.1,runtime,transitive runtime dependency,MIT,pkg:npm/is-hexadecimal@2.0.1,workspace/pnpm-lock.yaml and installed package metadata,Generated from pnpm's resolved dependency graph and local package metadata.
workspace,library,npm,is-number,7.0.0,build,transitive build dependency,MIT,pkg:npm/is-number@7.0.0,workspace/pnpm-lock.yaml and installed package metadata,Generated from pnpm's resolved dependency graph and local package metadata.
workspace,library,npm,isbot,5.1.35,runtime,transitive runtime dependency,Unlicense,pkg:npm/isbot@5.1.35,workspace/pnpm-lock.yaml and installed package metadata,Generated from pnpm's resolved dependency graph and local package metadata.
workspace,library,npm,isomorphic.js,0.2.5,runtime,transitive runtime dependency,MIT,pkg:npm/isomorphic.js@0.2.5,workspace/pnpm-lock.yaml and installed package metadata,Generated from pnpm's resolved dependency graph and local package metadata.
workspace,library,npm,js-tokens,4.0.0,build,transitive build dependency,MIT,pkg:npm/js-tokens@4.0.0,workspace/pnpm-lock.yaml and installed package metadata,Generated from pnpm's resolved dependency graph and local package metadata.
workspace,library,npm,jsep,1.4.0,runtime,transitive runtime dependency,MIT,pkg:npm/jsep@1.4.0,workspace/pnpm-lock.yaml and installed package metadata,Generated from pnpm's resolved dependency graph and local package metadata.
workspace,library,npm,jsesc,3.1.0,build,transitive build dependency,MIT,pkg:npm/jsesc@3.1.0,workspace/pnpm-lock.yaml and installed package metadata,Generated from pnpm's resolved dependency graph and local package metadata.
workspace,library,npm,json-parse-even-better-errors,2.3.1,runtime,transitive runtime dependency,MIT,pkg:npm/json-parse-even-better-errors@2.3.1,workspace/pnpm-lock.yaml and installed package metadata,Generated from pnpm's resolved dependency graph and local package metadata.
workspace,library,npm,json5,2.2.3,build,transitive build dependency,MIT,pkg:npm/json5@2.2.3,workspace/pnpm-lock.yaml and installed package metadata,Generated from pnpm's resolved dependency graph and local package metadata.
workspace,library,npm,jwt-decode,4.0.0,runtime,direct runtime dependency,MIT,pkg:npm/jwt-decode@4.0.0,workspace/pnpm-lock.yaml and installed package metadata,Generated from pnpm's resolved dependency graph and local package metadata.
workspace,library,npm,kdbush,4.0.2,runtime,transitive runtime dependency,ISC,pkg:npm/kdbush@4.0.2,workspace/pnpm-lock.yaml and installed package metadata,Generated from pnpm's resolved dependency graph and local package metadata.
workspace,library,npm,kleur,4.1.5,runtime,transitive runtime dependency,MIT,pkg:npm/kleur@4.1.5,workspace/pnpm-lock.yaml and installed package metadata,Generated from pnpm's resolved dependency graph and local package metadata.
workspace,library,npm,ktx-parse,1.1.0,runtime,transitive runtime dependency,MIT,pkg:npm/ktx-parse@1.1.0,workspace/pnpm-lock.yaml and installed package metadata,Generated from pnpm's resolved dependency graph and local package metadata.
workspace,library,npm,leaflet,1.9.4,runtime,direct runtime dependency,BSD-2-Clause,pkg:npm/leaflet@1.9.4,workspace/pnpm-lock.yaml and installed package metadata,Generated from pnpm's resolved dependency graph and local package metadata.
workspace,library,npm,lerc,2.0.0,runtime,transitive runtime dependency,Apache-2.0,pkg:npm/lerc@2.0.0,workspace/pnpm-lock.yaml and installed package metadata,Generated from pnpm's resolved dependency graph and local package metadata.
workspace,library,npm,lexical,0.35.0,runtime,transitive runtime dependency,MIT,pkg:npm/lexical@0.35.0,workspace/pnpm-lock.yaml and installed package metadata,Generated from pnpm's resolved dependency graph and local package metadata.
workspace,library,npm,lib0,0.2.117,runtime,transitive runtime dependency,MIT,pkg:npm/lib0@0.2.117,workspace/pnpm-lock.yaml and installed package metadata,Generated from pnpm's resolved dependency graph and local package metadata.
workspace,library,npm,lines-and-columns,1.2.4,runtime,transitive runtime dependency,MIT,pkg:npm/lines-and-columns@1.2.4,workspace/pnpm-lock.yaml and installed package metadata,Generated from pnpm's resolved dependency graph and local package metadata.
workspace,library,npm,list,2.0.19,runtime,direct runtime dependency,MIT,pkg:npm/list@2.0.19,workspace/pnpm-lock.yaml and installed package metadata,Generated from pnpm's resolved dependency graph and local package metadata.
workspace,library,npm,long,5.3.2,runtime,transitive runtime dependency,Apache-2.0,pkg:npm/long@5.3.2,workspace/pnpm-lock.yaml and installed package metadata,Generated from pnpm's resolved dependency graph and local package metadata.
workspace,library,npm,longest-streak,3.1.0,runtime,transitive runtime dependency,MIT,pkg:npm/longest-streak@3.1.0,workspace/pnpm-lock.yaml and installed package metadata,Generated from pnpm's resolved dependency graph and local package metadata.
workspace,library,npm,loose-envify,1.4.0,runtime,transitive runtime dependency,MIT,pkg:npm/loose-envify@1.4.0,workspace/pnpm-lock.yaml and installed package metadata,Generated from pnpm's resolved dependency graph and local package metadata.
workspace,library,npm,lru-cache,5.1.1,build,transitive build dependency,ISC,pkg:npm/lru-cache@5.1.1,workspace/pnpm-lock.yaml and installed package metadata,Generated from pnpm's resolved dependency graph and local package metadata.
workspace,library,npm,lucide-react,1.14.0,runtime,direct runtime dependency,ISC,pkg:npm/lucide-react@1.14.0,workspace/pnpm-lock.yaml and installed package metadata,Generated from pnpm's resolved dependency graph and local package metadata.
workspace,library,npm,lz-string,1.5.0,runtime,transitive runtime dependency,MIT,pkg:npm/lz-string@1.5.0,workspace/pnpm-lock.yaml and installed package metadata,Generated from pnpm's resolved dependency graph and local package metadata.
workspace,library,npm,markdown-table,3.0.4,runtime,transitive runtime dependency,MIT,pkg:npm/markdown-table@3.0.4,workspace/pnpm-lock.yaml and installed package metadata,Generated from pnpm's resolved dependency graph and local package metadata.
workspace,library,npm,mdast-util-directive,3.1.0,runtime,transitive runtime dependency,MIT,pkg:npm/mdast-util-directive@3.1.0,workspace/pnpm-lock.yaml and installed package metadata,Generated from pnpm's resolved dependency graph and local package metadata.
workspace,library,npm,mdast-util-from-markdown,2.0.3,runtime,transitive runtime dependency,MIT,pkg:npm/mdast-util-from-markdown@2.0.3,workspace/pnpm-lock.yaml and installed package metadata,Generated from pnpm's resolved dependency graph and local package metadata.
workspace,library,npm,mdast-util-frontmatter,2.0.1,runtime,transitive runtime dependency,MIT,pkg:npm/mdast-util-frontmatter@2.0.1,workspace/pnpm-lock.yaml and installed package metadata,Generated from pnpm's resolved dependency graph and local package metadata.
workspace,library,npm,mdast-util-gfm-strikethrough,2.0.0,runtime,transitive runtime dependency,MIT,pkg:npm/mdast-util-gfm-strikethrough@2.0.0,workspace/pnpm-lock.yaml and installed package metadata,Generated from pnpm's resolved dependency graph and local package metadata.
workspace,library,npm,mdast-util-gfm-table,2.0.0,runtime,transitive runtime dependency,MIT,pkg:npm/mdast-util-gfm-table@2.0.0,workspace/pnpm-lock.yaml and installed package metadata,Generated from pnpm's resolved dependency graph and local package metadata.
workspace,library,npm,mdast-util-gfm-task-list-item,2.0.0,runtime,transitive runtime dependency,MIT,pkg:npm/mdast-util-gfm-task-list-item@2.0.0,workspace/pnpm-lock.yaml and installed package metadata,Generated from pnpm's resolved dependency graph and local package metadata.
workspace,library,npm,mdast-util-highlight-mark,1.2.2,runtime,transitive runtime dependency,MIT,pkg:npm/mdast-util-highlight-mark@1.2.2,workspace/pnpm-lock.yaml and installed package metadata,Generated from pnpm's resolved dependency graph and local package metadata.
workspace,library,npm,mdast-util-mdx,3.0.0,runtime,transitive runtime dependency,MIT,pkg:npm/mdast-util-mdx@3.0.0,workspace/pnpm-lock.yaml and installed package metadata,Generated from pnpm's resolved dependency graph and local package metadata.
workspace,library,npm,mdast-util-mdx-expression,2.0.1,runtime,transitive runtime dependency,MIT,pkg:npm/mdast-util-mdx-expression@2.0.1,workspace/pnpm-lock.yaml and installed package metadata,Generated from pnpm's resolved dependency graph and local package metadata.
workspace,library,npm,mdast-util-mdx-jsx,3.2.0,runtime,transitive runtime dependency,MIT,pkg:npm/mdast-util-mdx-jsx@3.2.0,workspace/pnpm-lock.yaml and installed package metadata,Generated from pnpm's resolved dependency graph and local package metadata.
workspace,library,npm,mdast-util-mdxjs-esm,2.0.1,runtime,transitive runtime dependency,MIT,pkg:npm/mdast-util-mdxjs-esm@2.0.1,workspace/pnpm-lock.yaml and installed package metadata,Generated from pnpm's resolved dependency graph and local package metadata.
workspace,library,npm,mdast-util-phrasing,4.1.0,runtime,transitive runtime dependency,MIT,pkg:npm/mdast-util-phrasing@4.1.0,workspace/pnpm-lock.yaml and installed package metadata,Generated from pnpm's resolved dependency graph and local package metadata.
workspace,library,npm,mdast-util-to-markdown,2.1.2,runtime,transitive runtime dependency,MIT,pkg:npm/mdast-util-to-markdown@2.1.2,workspace/pnpm-lock.yaml and installed package metadata,Generated from pnpm's resolved dependency graph and local package metadata.
workspace,library,npm,mdast-util-to-string,4.0.0,runtime,transitive runtime dependency,MIT,pkg:npm/mdast-util-to-string@4.0.0,workspace/pnpm-lock.yaml and installed package metadata,Generated from pnpm's resolved dependency graph and local package metadata.
workspace,library,npm,mersenne-twister,1.1.0,runtime,transitive runtime dependency,MIT,pkg:npm/mersenne-twister@1.1.0,workspace/pnpm-lock.yaml and installed package metadata,Generated from pnpm's resolved dependency graph and local package metadata.
workspace,library,npm,meshoptimizer,1.1.1,runtime,transitive runtime dependency,MIT,pkg:npm/meshoptimizer@1.1.1,workspace/pnpm-lock.yaml and installed package metadata,Generated from pnpm's resolved dependency graph and local package metadata.
workspace,library,npm,micromark,4.0.2,runtime,transitive runtime dependency,MIT,pkg:npm/micromark@4.0.2,workspace/pnpm-lock.yaml and installed package metadata,Generated from pnpm's resolved dependency graph and local package metadata.
workspace,library,npm,micromark-core-commonmark,2.0.3,runtime,transitive runtime dependency,MIT,pkg:npm/micromark-core-commonmark@2.0.3,workspace/pnpm-lock.yaml and installed package metadata,Generated from pnpm's resolved dependency graph and local package metadata.
workspace,library,npm,micromark-extension-directive,3.0.2,runtime,transitive runtime dependency,MIT,pkg:npm/micromark-extension-directive@3.0.2,workspace/pnpm-lock.yaml and installed package metadata,Generated from pnpm's resolved dependency graph and local package metadata.
workspace,library,npm,micromark-extension-frontmatter,2.0.0,runtime,transitive runtime dependency,MIT,pkg:npm/micromark-extension-frontmatter@2.0.0,workspace/pnpm-lock.yaml and installed package metadata,Generated from pnpm's resolved dependency graph and local package metadata.
workspace,library,npm,micromark-extension-gfm-strikethrough,2.1.0,runtime,transitive runtime dependency,MIT,pkg:npm/micromark-extension-gfm-strikethrough@2.1.0,workspace/pnpm-lock.yaml and installed package metadata,Generated from pnpm's resolved dependency graph and local package metadata.
workspace,library,npm,micromark-extension-gfm-table,2.1.1,runtime,transitive runtime dependency,MIT,pkg:npm/micromark-extension-gfm-table@2.1.1,workspace/pnpm-lock.yaml and installed package metadata,Generated from pnpm's resolved dependency graph and local package metadata.
workspace,library,npm,micromark-extension-gfm-task-list-item,2.1.0,runtime,transitive runtime dependency,MIT,pkg:npm/micromark-extension-gfm-task-list-item@2.1.0,workspace/pnpm-lock.yaml and installed package metadata,Generated from pnpm's resolved dependency graph and local package metadata.
workspace,library,npm,micromark-extension-highlight-mark,1.2.0,runtime,transitive runtime dependency,MIT,pkg:npm/micromark-extension-highlight-mark@1.2.0,workspace/pnpm-lock.yaml and installed package metadata,Generated from pnpm's resolved dependency graph and local package metadata.
workspace,library,npm,micromark-extension-mdx-expression,3.0.1,runtime,transitive runtime dependency,MIT,pkg:npm/micromark-extension-mdx-expression@3.0.1,workspace/pnpm-lock.yaml and installed package metadata,Generated from pnpm's resolved dependency graph and local package metadata.
workspace,library,npm,micromark-extension-mdx-jsx,3.0.2,runtime,transitive runtime dependency,MIT,pkg:npm/micromark-extension-mdx-jsx@3.0.2,workspace/pnpm-lock.yaml and installed package metadata,Generated from pnpm's resolved dependency graph and local package metadata.
workspace,library,npm,micromark-extension-mdx-md,2.0.0,runtime,transitive runtime dependency,MIT,pkg:npm/micromark-extension-mdx-md@2.0.0,workspace/pnpm-lock.yaml and installed package metadata,Generated from pnpm's resolved dependency graph and local package metadata.
workspace,library,npm,micromark-extension-mdxjs,3.0.0,runtime,transitive runtime dependency,MIT,pkg:npm/micromark-extension-mdxjs@3.0.0,workspace/pnpm-lock.yaml and installed package metadata,Generated from pnpm's resolved dependency graph and local package metadata.
workspace,library,npm,micromark-extension-mdxjs-esm,3.0.0,runtime,transitive runtime dependency,MIT,pkg:npm/micromark-extension-mdxjs-esm@3.0.0,workspace/pnpm-lock.yaml and installed package metadata,Generated from pnpm's resolved dependency graph and local package metadata.
workspace,library,npm,micromark-factory-destination,2.0.1,runtime,transitive runtime dependency,MIT,pkg:npm/micromark-factory-destination@2.0.1,workspace/pnpm-lock.yaml and installed package metadata,Generated from pnpm's resolved dependency graph and local package metadata.
workspace,library,npm,micromark-factory-label,2.0.1,runtime,transitive runtime dependency,MIT,pkg:npm/micromark-factory-label@2.0.1,workspace/pnpm-lock.yaml and installed package metadata,Generated from pnpm's resolved dependency graph and local package metadata.
workspace,library,npm,micromark-factory-mdx-expression,2.0.3,runtime,transitive runtime dependency,MIT,pkg:npm/micromark-factory-mdx-expression@2.0.3,workspace/pnpm-lock.yaml and installed package metadata,Generated from pnpm's resolved dependency graph and local package metadata.
workspace,library,npm,micromark-factory-space,2.0.1,runtime,transitive runtime dependency,MIT,pkg:npm/micromark-factory-space@2.0.1,workspace/pnpm-lock.yaml and installed package metadata,Generated from pnpm's resolved dependency graph and local package metadata.
workspace,library,npm,micromark-factory-title,2.0.1,runtime,transitive runtime dependency,MIT,pkg:npm/micromark-factory-title@2.0.1,workspace/pnpm-lock.yaml and installed package metadata,Generated from pnpm's resolved dependency graph and local package metadata.
workspace,library,npm,micromark-factory-whitespace,2.0.1,runtime,transitive runtime dependency,MIT,pkg:npm/micromark-factory-whitespace@2.0.1,workspace/pnpm-lock.yaml and installed package metadata,Generated from pnpm's resolved dependency graph and local package metadata.
workspace,library,npm,micromark-util-character,2.1.1,runtime,transitive runtime dependency,MIT,pkg:npm/micromark-util-character@2.1.1,workspace/pnpm-lock.yaml and installed package metadata,Generated from pnpm's resolved dependency graph and local package metadata.
workspace,library,npm,micromark-util-chunked,2.0.1,runtime,transitive runtime dependency,MIT,pkg:npm/micromark-util-chunked@2.0.1,workspace/pnpm-lock.yaml and installed package metadata,Generated from pnpm's resolved dependency graph and local package metadata.
workspace,library,npm,micromark-util-classify-character,2.0.1,runtime,transitive runtime dependency,MIT,pkg:npm/micromark-util-classify-character@2.0.1,workspace/pnpm-lock.yaml and installed package metadata,Generated from pnpm's resolved dependency graph and local package metadata.
workspace,library,npm,micromark-util-combine-extensions,2.0.1,runtime,transitive runtime dependency,MIT,pkg:npm/micromark-util-combine-extensions@2.0.1,workspace/pnpm-lock.yaml and installed package metadata,Generated from pnpm's resolved dependency graph and local package metadata.
workspace,library,npm,micromark-util-decode-numeric-character-reference,2.0.2,runtime,transitive runtime dependency,MIT,pkg:npm/micromark-util-decode-numeric-character-reference@2.0.2,workspace/pnpm-lock.yaml and installed package metadata,Generated from pnpm's resolved dependency graph and local package metadata.
workspace,library,npm,micromark-util-decode-string,2.0.1,runtime,transitive runtime dependency,MIT,pkg:npm/micromark-util-decode-string@2.0.1,workspace/pnpm-lock.yaml and installed package metadata,Generated from pnpm's resolved dependency graph and local package metadata.
workspace,library,npm,micromark-util-encode,2.0.1,runtime,transitive runtime dependency,MIT,pkg:npm/micromark-util-encode@2.0.1,workspace/pnpm-lock.yaml and installed package metadata,Generated from pnpm's resolved dependency graph and local package metadata.
workspace,library,npm,micromark-util-events-to-acorn,2.0.3,runtime,transitive runtime dependency,MIT,pkg:npm/micromark-util-events-to-acorn@2.0.3,workspace/pnpm-lock.yaml and installed package metadata,Generated from pnpm's resolved dependency graph and local package metadata.
workspace,library,npm,micromark-util-html-tag-name,2.0.1,runtime,transitive runtime dependency,MIT,pkg:npm/micromark-util-html-tag-name@2.0.1,workspace/pnpm-lock.yaml and installed package metadata,Generated from pnpm's resolved dependency graph and local package metadata.
workspace,library,npm,micromark-util-normalize-identifier,2.0.1,runtime,transitive runtime dependency,MIT,pkg:npm/micromark-util-normalize-identifier@2.0.1,workspace/pnpm-lock.yaml and installed package metadata,Generated from pnpm's resolved dependency graph and local package metadata.
workspace,library,npm,micromark-util-resolve-all,2.0.1,runtime,transitive runtime dependency,MIT,pkg:npm/micromark-util-resolve-all@2.0.1,workspace/pnpm-lock.yaml and installed package metadata,Generated from pnpm's resolved dependency graph and local package metadata.
workspace,library,npm,micromark-util-sanitize-uri,2.0.1,runtime,transitive runtime dependency,MIT,pkg:npm/micromark-util-sanitize-uri@2.0.1,workspace/pnpm-lock.yaml and installed package metadata,Generated from pnpm's resolved dependency graph and local package metadata.
workspace,library,npm,micromark-util-subtokenize,2.1.0,runtime,transitive runtime dependency,MIT,pkg:npm/micromark-util-subtokenize@2.1.0,workspace/pnpm-lock.yaml and installed package metadata,Generated from pnpm's resolved dependency graph and local package metadata.
workspace,library,npm,micromark-util-symbol,2.0.1,runtime,transitive runtime dependency,MIT,pkg:npm/micromark-util-symbol@2.0.1,workspace/pnpm-lock.yaml and installed package metadata,Generated from pnpm's resolved dependency graph and local package metadata.
workspace,library,npm,micromark-util-types,2.0.2,runtime,transitive runtime dependency,MIT,pkg:npm/micromark-util-types@2.0.2,workspace/pnpm-lock.yaml and installed package metadata,Generated from pnpm's resolved dependency graph and local package metadata.
workspace,library,npm,mime-db,1.54.0,runtime,transitive runtime dependency,MIT,pkg:npm/mime-db@1.54.0,workspace/pnpm-lock.yaml and installed package metadata,Generated from pnpm's resolved dependency graph and local package metadata.
workspace,library,npm,motion,12.38.0,runtime,direct runtime dependency,MIT,pkg:npm/motion@12.38.0,workspace/pnpm-lock.yaml and installed package metadata,Generated from pnpm's resolved dependency graph and local package metadata.
workspace,library,npm,motion-dom,12.38.0,runtime,transitive runtime dependency,MIT,pkg:npm/motion-dom@12.38.0,workspace/pnpm-lock.yaml and installed package metadata,Generated from pnpm's resolved dependency graph and local package metadata.
workspace,library,npm,motion-utils,12.36.0,runtime,transitive runtime dependency,MIT,pkg:npm/motion-utils@12.36.0,workspace/pnpm-lock.yaml and installed package metadata,Generated from pnpm's resolved dependency graph and local package metadata.
workspace,library,npm,mri,1.2.0,runtime,transitive runtime dependency,MIT,pkg:npm/mri@1.2.0,workspace/pnpm-lock.yaml and installed package metadata,Generated from pnpm's resolved dependency graph and local package metadata.
workspace,library,npm,nanoid,3.3.11,build,transitive build dependency,MIT,pkg:npm/nanoid@3.3.11,workspace/pnpm-lock.yaml and installed package metadata,Generated from pnpm's resolved dependency graph and local package metadata.
workspace,library,npm,next-tick,1.1.0,runtime,transitive runtime dependency,ISC,pkg:npm/next-tick@1.1.0,workspace/pnpm-lock.yaml and installed package metadata,Generated from pnpm's resolved dependency graph and local package metadata.
workspace,library,npm,node-releases,2.0.27,build,transitive build dependency,MIT,pkg:npm/node-releases@2.0.27,workspace/pnpm-lock.yaml and installed package metadata,Generated from pnpm's resolved dependency graph and local package metadata.
workspace,library,npm,normalize-path,3.0.0,build,transitive build dependency,MIT,pkg:npm/normalize-path@3.0.0,workspace/pnpm-lock.yaml and installed package metadata,Generated from pnpm's resolved dependency graph and local package metadata.
workspace,library,npm,nosleep.js,0.12.0,runtime,transitive runtime dependency,MIT,pkg:npm/nosleep.js@0.12.0,workspace/pnpm-lock.yaml and installed package metadata,Generated from pnpm's resolved dependency graph and local package metadata.
workspace,library,npm,object-assign,4.1.1,runtime,transitive runtime dependency,MIT,pkg:npm/object-assign@4.1.1,workspace/pnpm-lock.yaml and installed package metadata,Generated from pnpm's resolved dependency graph and local package metadata.
workspace,library,npm,outvariant,1.4.0,runtime,transitive runtime dependency,MIT,pkg:npm/outvariant@1.4.0,workspace/pnpm-lock.yaml and installed package metadata,Generated from pnpm's resolved dependency graph and local package metadata.
workspace,library,npm,pako,2.1.0,runtime,transitive runtime dependency,(MIT AND Zlib),pkg:npm/pako@2.1.0,workspace/pnpm-lock.yaml and installed package metadata,Generated from pnpm's resolved dependency graph and local package metadata.
workspace,library,npm,parse-entities,4.0.2,runtime,transitive runtime dependency,MIT,pkg:npm/parse-entities@4.0.2,workspace/pnpm-lock.yaml and installed package metadata,Generated from pnpm's resolved dependency graph and local package metadata.
workspace,library,npm,parse-json,5.2.0,runtime,transitive runtime dependency,MIT,pkg:npm/parse-json@5.2.0,workspace/pnpm-lock.yaml and installed package metadata,Generated from pnpm's resolved dependency graph and local package metadata.
workspace,library,npm,path-type,4.0.0,runtime,transitive runtime dependency,MIT,pkg:npm/path-type@4.0.0,workspace/pnpm-lock.yaml and installed package metadata,Generated from pnpm's resolved dependency graph and local package metadata.
workspace,library,npm,pathe,2.0.3,build,transitive build dependency,MIT,pkg:npm/pathe@2.0.3,workspace/pnpm-lock.yaml and installed package metadata,Generated from pnpm's resolved dependency graph and local package metadata.
workspace,library,npm,picocolors,1.1.1,build,transitive build dependency,ISC,pkg:npm/picocolors@1.1.1,workspace/pnpm-lock.yaml and installed package metadata,Generated from pnpm's resolved dependency graph and local package metadata.
workspace,library,npm,picomatch,4.0.3,build,transitive build dependency,MIT,pkg:npm/picomatch@4.0.3,workspace/pnpm-lock.yaml and installed package metadata,Generated from pnpm's resolved dependency graph and local package metadata.
workspace,library,npm,postcss,8.5.6,build,transitive build dependency,MIT,pkg:npm/postcss@8.5.6,workspace/pnpm-lock.yaml and installed package metadata,Generated from pnpm's resolved dependency graph and local package metadata.
workspace,library,npm,prismjs,1.30.0,runtime,transitive runtime dependency,MIT,pkg:npm/prismjs@1.30.0,workspace/pnpm-lock.yaml and installed package metadata,Generated from pnpm's resolved dependency graph and local package metadata.
workspace,library,npm,prop-types,15.8.1,runtime,transitive runtime dependency,MIT,pkg:npm/prop-types@15.8.1,workspace/pnpm-lock.yaml and installed package metadata,Generated from pnpm's resolved dependency graph and local package metadata.
workspace,library,npm,protobufjs,8.0.3,runtime,transitive runtime dependency,BSD-3-Clause,pkg:npm/protobufjs@8.0.3,workspace/pnpm-lock.yaml and installed package metadata,Generated from pnpm's resolved dependency graph and local package metadata.
workspace,library,npm,quickselect,3.0.0,runtime,transitive runtime dependency,ISC,pkg:npm/quickselect@3.0.0,workspace/pnpm-lock.yaml and installed package metadata,Generated from pnpm's resolved dependency graph and local package metadata.
workspace,library,npm,rbush,4.0.1,runtime,transitive runtime dependency,MIT,pkg:npm/rbush@4.0.1,workspace/pnpm-lock.yaml and installed package metadata,Generated from pnpm's resolved dependency graph and local package metadata.
workspace,library,npm,react,19.2.4,runtime,direct runtime dependency,MIT,pkg:npm/react@19.2.4,workspace/pnpm-lock.yaml and installed package metadata,Generated from pnpm's resolved dependency graph and local package metadata.
workspace,library,npm,react-devtools-inline,4.4.0,runtime,transitive runtime dependency,MIT,pkg:npm/react-devtools-inline@4.4.0,workspace/pnpm-lock.yaml and installed package metadata,Generated from pnpm's resolved dependency graph and local package metadata.
workspace,library,npm,react-dom,19.2.4,runtime,direct runtime dependency,MIT,pkg:npm/react-dom@19.2.4,workspace/pnpm-lock.yaml and installed package metadata,Generated from pnpm's resolved dependency graph and local package metadata.
workspace,library,npm,react-error-boundary,3.1.4,runtime,transitive runtime dependency,MIT,pkg:npm/react-error-boundary@3.1.4,workspace/pnpm-lock.yaml and installed package metadata,Generated from pnpm's resolved dependency graph and local package metadata.
workspace,library,npm,react-hook-form,7.75.0,runtime,transitive runtime dependency,MIT,pkg:npm/react-hook-form@7.75.0,workspace/pnpm-lock.yaml and installed package metadata,Generated from pnpm's resolved dependency graph and local package metadata.
workspace,library,npm,react-i18next,16.5.4,runtime,direct runtime dependency,MIT,pkg:npm/react-i18next@16.5.4,workspace/pnpm-lock.yaml and installed package metadata,Generated from pnpm's resolved dependency graph and local package metadata.
workspace,library,npm,react-is,19.2.4,runtime,transitive runtime dependency,MIT,pkg:npm/react-is@19.2.4,workspace/pnpm-lock.yaml and installed package metadata,Generated from pnpm's resolved dependency graph and local package metadata.
workspace,library,npm,react-is,16.13.1,runtime,transitive runtime dependency,MIT,pkg:npm/react-is@16.13.1,workspace/pnpm-lock.yaml and installed package metadata,Generated from pnpm's resolved dependency graph and local package metadata.
workspace,library,npm,react-is,17.0.2,runtime,transitive runtime dependency,MIT,pkg:npm/react-is@17.0.2,workspace/pnpm-lock.yaml and installed package metadata,Generated from pnpm's resolved dependency graph and local package metadata.
workspace,library,npm,react-refresh,0.18.0,build,transitive build dependency,MIT,pkg:npm/react-refresh@0.18.0,workspace/pnpm-lock.yaml and installed package metadata,Generated from pnpm's resolved dependency graph and local package metadata.
workspace,library,npm,react-remove-scroll,2.7.2,runtime,transitive runtime dependency,MIT,pkg:npm/react-remove-scroll@2.7.2,workspace/pnpm-lock.yaml and installed package metadata,Generated from pnpm's resolved dependency graph and local package metadata.
workspace,library,npm,react-remove-scroll-bar,2.3.8,runtime,transitive runtime dependency,MIT,pkg:npm/react-remove-scroll-bar@2.3.8,workspace/pnpm-lock.yaml and installed package metadata,Generated from pnpm's resolved dependency graph and local package metadata.
workspace,library,npm,react-style-singleton,2.2.3,runtime,transitive runtime dependency,MIT,pkg:npm/react-style-singleton@2.2.3,workspace/pnpm-lock.yaml and installed package metadata,Generated from pnpm's resolved dependency graph and local package metadata.
workspace,library,npm,react-transition-group,4.4.5,runtime,transitive runtime dependency,BSD-3-Clause,pkg:npm/react-transition-group@4.4.5,workspace/pnpm-lock.yaml and installed package metadata,Generated from pnpm's resolved dependency graph and local package metadata.
workspace,library,npm,readdirp,3.6.0,build,transitive build dependency,MIT,pkg:npm/readdirp@3.6.0,workspace/pnpm-lock.yaml and installed package metadata,Generated from pnpm's resolved dependency graph and local package metadata.
workspace,library,npm,recast,0.23.11,build,transitive build dependency,MIT,pkg:npm/recast@0.23.11,workspace/pnpm-lock.yaml and installed package metadata,Generated from pnpm's resolved dependency graph and local package metadata.
workspace,library,npm,resium,1.21.0,runtime,direct runtime dependency,MIT,pkg:npm/resium@1.21.0,workspace/pnpm-lock.yaml and installed package metadata,Generated from pnpm's resolved dependency graph and local package metadata.
workspace,library,npm,rollup,4.59.0,build,transitive build dependency,MIT,pkg:npm/rollup@4.59.0,workspace/pnpm-lock.yaml and installed package metadata,Generated from pnpm's resolved dependency graph and local package metadata.
workspace,library,npm,sade,1.8.1,runtime,transitive runtime dependency,MIT,pkg:npm/sade@1.8.1,workspace/pnpm-lock.yaml and installed package metadata,Generated from pnpm's resolved dependency graph and local package metadata.
workspace,library,npm,scheduler,0.27.0,runtime,transitive runtime dependency,MIT,pkg:npm/scheduler@0.27.0,workspace/pnpm-lock.yaml and installed package metadata,Generated from pnpm's resolved dependency graph and local package metadata.
workspace,library,npm,semver,6.3.1,build,transitive build dependency,ISC,pkg:npm/semver@6.3.1,workspace/pnpm-lock.yaml and installed package metadata,Generated from pnpm's resolved dependency graph and local package metadata.
workspace,library,npm,seroval,1.5.0,build,transitive build dependency,MIT,pkg:npm/seroval@1.5.0,workspace/pnpm-lock.yaml and installed package metadata,Generated from pnpm's resolved dependency graph and local package metadata.
workspace,library,npm,seroval-plugins,1.5.0,build,transitive build dependency,MIT,pkg:npm/seroval-plugins@1.5.0,workspace/pnpm-lock.yaml and installed package metadata,Generated from pnpm's resolved dependency graph and local package metadata.
workspace,library,npm,sonner,2.0.7,runtime,direct runtime dependency,MIT,pkg:npm/sonner@2.0.7,workspace/pnpm-lock.yaml and installed package metadata,Generated from pnpm's resolved dependency graph and local package metadata.
workspace,library,npm,source-map,0.7.6,build,transitive build dependency,BSD-3-Clause,pkg:npm/source-map@0.7.6,workspace/pnpm-lock.yaml and installed package metadata,Generated from pnpm's resolved dependency graph and local package metadata.
workspace,library,npm,source-map,0.5.7,runtime,transitive runtime dependency,BSD-3-Clause,pkg:npm/source-map@0.5.7,workspace/pnpm-lock.yaml and installed package metadata,Generated from pnpm's resolved dependency graph and local package metadata.
workspace,library,npm,source-map,0.6.1,build,transitive build dependency,BSD-3-Clause,pkg:npm/source-map@0.6.1,workspace/pnpm-lock.yaml and installed package metadata,Generated from pnpm's resolved dependency graph and local package metadata.
workspace,library,npm,source-map-js,1.2.1,build,transitive build dependency,BSD-3-Clause,pkg:npm/source-map-js@1.2.1,workspace/pnpm-lock.yaml and installed package metadata,Generated from pnpm's resolved dependency graph and local package metadata.
workspace,library,npm,static-browser-server,1.0.3,runtime,transitive runtime dependency,Apache-2.0,pkg:npm/static-browser-server@1.0.3,workspace/pnpm-lock.yaml and installed package metadata,Generated from pnpm's resolved dependency graph and local package metadata.
workspace,library,npm,strict-event-emitter,0.4.6,runtime,transitive runtime dependency,MIT,pkg:npm/strict-event-emitter@0.4.6,workspace/pnpm-lock.yaml and installed package metadata,Generated from pnpm's resolved dependency graph and local package metadata.
workspace,library,npm,stringify-entities,4.0.4,runtime,transitive runtime dependency,MIT,pkg:npm/stringify-entities@4.0.4,workspace/pnpm-lock.yaml and installed package metadata,Generated from pnpm's resolved dependency graph and local package metadata.
workspace,library,npm,style-mod,4.1.3,runtime,transitive runtime dependency,MIT,pkg:npm/style-mod@4.1.3,workspace/pnpm-lock.yaml and installed package metadata,Generated from pnpm's resolved dependency graph and local package metadata.
workspace,library,npm,stylis,4.2.0,runtime,transitive runtime dependency,MIT,pkg:npm/stylis@4.2.0,workspace/pnpm-lock.yaml and installed package metadata,Generated from pnpm's resolved dependency graph and local package metadata.
workspace,library,npm,tabbable,6.4.0,runtime,transitive runtime dependency,MIT,pkg:npm/tabbable@6.4.0,workspace/pnpm-lock.yaml and installed package metadata,Generated from pnpm's resolved dependency graph and local package metadata.
workspace,library,npm,tiny-invariant,1.3.3,runtime,transitive runtime dependency,MIT,pkg:npm/tiny-invariant@1.3.3,workspace/pnpm-lock.yaml and installed package metadata,Generated from pnpm's resolved dependency graph and local package metadata.
workspace,library,npm,tiny-warning,1.0.3,runtime,transitive runtime dependency,MIT,pkg:npm/tiny-warning@1.0.3,workspace/pnpm-lock.yaml and installed package metadata,Generated from pnpm's resolved dependency graph and local package metadata.
workspace,library,npm,to-regex-range,5.0.1,build,transitive build dependency,MIT,pkg:npm/to-regex-range@5.0.1,workspace/pnpm-lock.yaml and installed package metadata,Generated from pnpm's resolved dependency graph and local package metadata.
workspace,library,npm,topojson-client,3.1.0,runtime,transitive runtime dependency,ISC,pkg:npm/topojson-client@3.1.0,workspace/pnpm-lock.yaml and installed package metadata,Generated from pnpm's resolved dependency graph and local package metadata.
workspace,library,npm,tslib,2.8.1,runtime,transitive runtime dependency,0BSD,pkg:npm/tslib@2.8.1,workspace/pnpm-lock.yaml and installed package metadata,Generated from pnpm's resolved dependency graph and local package metadata.
workspace,library,npm,tsx,4.21.0,build,transitive build dependency,MIT,pkg:npm/tsx@4.21.0,workspace/pnpm-lock.yaml and installed package metadata,Generated from pnpm's resolved dependency graph and local package metadata.
workspace,library,npm,type,2.7.3,runtime,transitive runtime dependency,ISC,pkg:npm/type@2.7.3,workspace/pnpm-lock.yaml and installed package metadata,Generated from pnpm's resolved dependency graph and local package metadata.
workspace,library,npm,unidiff,1.0.4,runtime,transitive runtime dependency,MIT,pkg:npm/unidiff@1.0.4,workspace/pnpm-lock.yaml and installed package metadata,Generated from pnpm's resolved dependency graph and local package metadata.
workspace,library,npm,unist-util-is,6.0.1,runtime,transitive runtime dependency,MIT,pkg:npm/unist-util-is@6.0.1,workspace/pnpm-lock.yaml and installed package metadata,Generated from pnpm's resolved dependency graph and local package metadata.
workspace,library,npm,unist-util-position-from-estree,2.0.0,runtime,transitive runtime dependency,MIT,pkg:npm/unist-util-position-from-estree@2.0.0,workspace/pnpm-lock.yaml and installed package metadata,Generated from pnpm's resolved dependency graph and local package metadata.
workspace,library,npm,unist-util-stringify-position,4.0.0,runtime,transitive runtime dependency,MIT,pkg:npm/unist-util-stringify-position@4.0.0,workspace/pnpm-lock.yaml and installed package metadata,Generated from pnpm's resolved dependency graph and local package metadata.
workspace,library,npm,unist-util-visit,5.1.0,runtime,transitive runtime dependency,MIT,pkg:npm/unist-util-visit@5.1.0,workspace/pnpm-lock.yaml and installed package metadata,Generated from pnpm's resolved dependency graph and local package metadata.
workspace,library,npm,unist-util-visit-parents,6.0.2,runtime,transitive runtime dependency,MIT,pkg:npm/unist-util-visit-parents@6.0.2,workspace/pnpm-lock.yaml and installed package metadata,Generated from pnpm's resolved dependency graph and local package metadata.
workspace,library,npm,unplugin,2.3.11,build,transitive build dependency,MIT,pkg:npm/unplugin@2.3.11,workspace/pnpm-lock.yaml and installed package metadata,Generated from pnpm's resolved dependency graph and local package metadata.
workspace,library,npm,update-browserslist-db,1.2.3,build,transitive build dependency,MIT,pkg:npm/update-browserslist-db@1.2.3,workspace/pnpm-lock.yaml and installed package metadata,Generated from pnpm's resolved dependency graph and local package metadata.
workspace,library,npm,urijs,1.19.11,runtime,transitive runtime dependency,MIT,pkg:npm/urijs@1.19.11,workspace/pnpm-lock.yaml and installed package metadata,Generated from pnpm's resolved dependency graph and local package metadata.
workspace,library,npm,use-callback-ref,1.3.3,runtime,transitive runtime dependency,MIT,pkg:npm/use-callback-ref@1.3.3,workspace/pnpm-lock.yaml and installed package metadata,Generated from pnpm's resolved dependency graph and local package metadata.
workspace,library,npm,use-sidecar,1.1.3,runtime,transitive runtime dependency,MIT,pkg:npm/use-sidecar@1.1.3,workspace/pnpm-lock.yaml and installed package metadata,Generated from pnpm's resolved dependency graph and local package metadata.
workspace,library,npm,use-sync-external-store,1.6.0,runtime,transitive runtime dependency,MIT,pkg:npm/use-sync-external-store@1.6.0,workspace/pnpm-lock.yaml and installed package metadata,Generated from pnpm's resolved dependency graph and local package metadata.
workspace,library,npm,uvu,0.5.6,runtime,transitive runtime dependency,MIT,pkg:npm/uvu@0.5.6,workspace/pnpm-lock.yaml and installed package metadata,Generated from pnpm's resolved dependency graph and local package metadata.
workspace,library,npm,vfile-message,4.0.3,runtime,transitive runtime dependency,MIT,pkg:npm/vfile-message@4.0.3,workspace/pnpm-lock.yaml and installed package metadata,Generated from pnpm's resolved dependency graph and local package metadata.
workspace,library,npm,vite,7.3.1,build,direct build dependency,MIT,pkg:npm/vite@7.3.1,workspace/pnpm-lock.yaml and installed package metadata,Generated from pnpm's resolved dependency graph and local package metadata.
workspace,library,npm,void-elements,3.1.0,runtime,transitive runtime dependency,MIT,pkg:npm/void-elements@3.1.0,workspace/pnpm-lock.yaml and installed package metadata,Generated from pnpm's resolved dependency graph and local package metadata.
workspace,library,npm,w3c-keyname,2.2.8,runtime,transitive runtime dependency,MIT,pkg:npm/w3c-keyname@2.2.8,workspace/pnpm-lock.yaml and installed package metadata,Generated from pnpm's resolved dependency graph and local package metadata.
workspace,library,npm,webpack-virtual-modules,0.6.2,build,transitive build dependency,MIT,pkg:npm/webpack-virtual-modules@0.6.2,workspace/pnpm-lock.yaml and installed package metadata,Generated from pnpm's resolved dependency graph and local package metadata.
workspace,library,npm,yallist,3.1.1,build,transitive build dependency,ISC,pkg:npm/yallist@3.1.1,workspace/pnpm-lock.yaml and installed package metadata,Generated from pnpm's resolved dependency graph and local package metadata.
workspace,library,npm,yaml,2.8.2,build,transitive build dependency,ISC,pkg:npm/yaml@2.8.2,workspace/pnpm-lock.yaml and installed package metadata,Generated from pnpm's resolved dependency graph and local package metadata.
workspace,library,npm,yaml,1.10.2,runtime,transitive runtime dependency,ISC,pkg:npm/yaml@1.10.2,workspace/pnpm-lock.yaml and installed package metadata,Generated from pnpm's resolved dependency graph and local package metadata.
workspace,library,npm,yjs,13.6.30,runtime,transitive runtime dependency,MIT,pkg:npm/yjs@13.6.30,workspace/pnpm-lock.yaml and installed package metadata,Generated from pnpm's resolved dependency graph and local package metadata.
workspace,library,npm,zod,3.25.76,runtime,direct runtime dependency,MIT,pkg:npm/zod@3.25.76,workspace/pnpm-lock.yaml and installed package metadata,Generated from pnpm's resolved dependency graph and local package metadata.
workspace,library,npm,zwitch,2.0.4,runtime,transitive runtime dependency,MIT,pkg:npm/zwitch@2.0.4,workspace/pnpm-lock.yaml and installed package metadata,Generated from pnpm's resolved dependency graph and local package metadata.
